{"content":[{"id":"2874104e","elType":"section","settings":{"content_width":{"unit":"px","size":800},"gap":"no","custom_height":{"unit":"px","size":600},"content_position":"middle","background_background":"classic","background_color":"#000000","padding":{"unit":"px","top":"150","right":"0","bottom":"150","left":"0","isLinked":false},"padding_tablet":{"unit":"px","top":"100","right":"25","bottom":"100","left":"25","isLinked":false},"padding_mobile":{"unit":"px","top":"50","right":"20","bottom":"50","left":"20","isLinked":false}},"elements":[{"id":"79ccdcf5","elType":"column","settings":{"_column_size":100},"elements":[{"id":"619d9514","elType":"widget","settings":{"icon":"fa fa-envelope-o","primary_color":"#686868","size":{"unit":"px","size":53}},"elements":[],"widgetType":"icon"},{"id":"bb5609a","elType":"widget","settings":{"title":"Subscribe to our newsletter","align":"center","title_color":"#ffffff","typography_typography":"custom","typography_font_size":{"unit":"px","size":55},"typography_font_weight":"600","typography_font_size_mobile":{"unit":"px","size":45},"header_size":"h4","typography_font_size_tablet":{"unit":"px","size":45}},"elements":[],"widgetType":"heading"},{"id":"498ac7cd","elType":"widget","settings":{"title":"Don't miss new updates on your email","header_size":"h5","align":"center","title_color":"#686868","typography_typography":"custom","typography_font_size":{"unit":"px","size":16},"typography_font_weight":"300","_margin":{"unit":"px","top":"-10","right":"0","bottom":"50","left":"0","isLinked":false},"_margin_mobile":{"unit":"px","top":"-10","right":"0","bottom":"50","left":"0","isLinked":false}},"elements":[],"widgetType":"heading"},{"id":"11b4cc35","elType":"widget","settings":{"form_name":"New Form","form_fields":[{"_id":"email","field_type":"email","required":"true","field_label":"Email","placeholder":"","width":"75","field_value":"","file_sizes":"","file_types":"","allow_multiple_upload":"","max_files":"","acceptance_text":"","checked_by_default":"","field_min":"","field_max":"","min_date":"","max_date":"","use_native_date":"","use_native_time":"","field_options":"","allow_multiple":"","select_size":"","inline_list":"","field_html":"","width_tablet":"","width_mobile":"","rows":4,"recaptcha_size":"normal","recaptcha_style":"light","css_classes":""}],"show_labels":"","button_text":"Subscribe","button_width":"25","email_content":"[all-fields]","email_content_2":"[all-fields]","success_message":"The form was sent successfully!","error_message":"Please fill in the required fields.","required_field_message":"Required","invalid_message":"There's something wrong. The form is invalid.","column_gap":{"unit":"px","size":0},"field_text_color":"#ffffff","field_typography_typography":"custom","field_typography_font_size":{"unit":"px","size":15},"field_typography_font_weight":"300","field_typography_letter_spacing":{"unit":"px","size":3},"field_border_color":"#686868","field_border_radius":{"unit":"px","top":"0","right":"0","bottom":"0","left":"0","isLinked":true},"button_text_color":"#000000","button_typography_typography":"custom","button_typography_font_size":{"unit":"px","size":15},"button_typography_font_weight":"600","button_typography_text_transform":"uppercase","button_background_color":"#ffffff","button_border_radius":{"unit":"px","top":"0","right":"0","bottom":"0","left":"0","isLinked":true},"button_hover_color":"#ffffff","button_background_hover_color":"#00ce1b","_padding":{"unit":"px","top":"15","right":"0","bottom":"0","left":"0","isLinked":false},"field_background_color":"rgba(255,255,255,0)","input_size":"md","button_size":"md","_padding_mobile":{"unit":"px","top":"0","right":"0","bottom":"0","left":"0","isLinked":true}},"elements":[],"widgetType":"form"}],"isInner":false}],"isInner":false}],"page_settings":[]}