{"content":[{"id":"2b0d624c","elType":"section","settings":{"content_width":{"unit":"px","size":800},"gap":"no","custom_height":{"unit":"px","size":1000},"content_position":"middle","padding":{"unit":"px","top":"100","right":"0","bottom":"100","left":"0","isLinked":false},"background_background":"classic","background_color":"#ffffff","padding_tablet":{"unit":"px","top":"100","right":"25","bottom":"100","left":"25","isLinked":false},"padding_mobile":{"unit":"px","top":"50","right":"20","bottom":"50","left":"20","isLinked":false}},"elements":[{"id":"4f1090de","elType":"column","settings":{"_column_size":100,"border_width":{"unit":"px","top":"1","right":"1","bottom":"1","left":"1","isLinked":true},"padding":{"unit":"px","top":"150","right":"150","bottom":"150","left":"150","isLinked":false},"background_background":"classic","background_color":"#000000","padding_mobile":{"unit":"px","top":"50","right":"25","bottom":"50","left":"25","isLinked":false}},"elements":[{"id":"49bdcf9c","elType":"widget","settings":{"title":"Contact Us","align":"center","title_color":"#ffffff","typography_typography":"custom","typography_font_size":{"unit":"px","size":55},"typography_font_weight":"600","typography_font_size_mobile":{"unit":"px","size":45},"header_size":"h4","typography_font_size_tablet":{"unit":"px","size":45},"_padding":{"unit":"px","top":"0","right":"0","bottom":"50","left":"0","isLinked":false},"_padding_mobile":{"unit":"px","top":"0","right":"0","bottom":"20","left":"0","isLinked":false}},"elements":[],"widgetType":"heading"},{"id":"15a83fbe","elType":"widget","settings":{"form_name":"New Form","form_fields":[{"_id":"name","field_type":"text","field_label":"Username","placeholder":"Username","width":"100","field_value":"","required":"","file_sizes":"","file_types":"","allow_multiple_upload":"","max_files":"","acceptance_text":"","checked_by_default":"","field_min":"","field_max":"","min_date":"","max_date":"","use_native_date":"","use_native_time":"","field_options":"","allow_multiple":"","select_size":"","inline_list":"","field_html":"","width_tablet":"","width_mobile":"","rows":4,"recaptcha_size":"normal","recaptcha_style":"light","css_classes":""},{"_id":"email","field_type":"email","required":"true","field_label":"Email","placeholder":"Your Email","width":"100","field_value":"","file_sizes":"","file_types":"","allow_multiple_upload":"","max_files":"","acceptance_text":"","checked_by_default":"","field_min":"","field_max":"","min_date":"","max_date":"","use_native_date":"","use_native_time":"","field_options":"","allow_multiple":"","select_size":"","inline_list":"","field_html":"","width_tablet":"","width_mobile":"","rows":4,"recaptcha_size":"normal","recaptcha_style":"light","css_classes":""},{"_id":"6ed25c0","field_type":"text","field_label":"Password","placeholder":"Create Your Password","width":"100","field_value":"","required":"","file_sizes":"","file_types":"","allow_multiple_upload":"","max_files":"","acceptance_text":"","checked_by_default":"","field_min":"","field_max":"","min_date":"","max_date":"","use_native_date":"","use_native_time":"","field_options":"","allow_multiple":"","select_size":"","inline_list":"","field_html":"","width_tablet":"","width_mobile":"","rows":4,"recaptcha_size":"normal","recaptcha_style":"light","css_classes":""}],"button_text":"Claim Your Free Trial","email_content":"[all-fields]","email_content_2":"[all-fields]","success_message":"The form was sent successfully!","error_message":"Please fill in the required fields.","required_field_message":"Required","invalid_message":"There's something wrong. The form is invalid.","column_gap":{"unit":"px","size":13},"row_gap":{"unit":"px","size":30},"label_typography_typography":"custom","label_typography_font_size":{"unit":"px","size":15},"label_typography_font_weight":"600","label_typography_text_transform":"uppercase","label_typography_letter_spacing":{"unit":"px","size":1},"field_text_color":"#ffffff","field_typography_typography":"custom","field_typography_font_size":{"unit":"px","size":15},"field_typography_font_weight":"300","field_border_color":"#686868","field_border_radius":{"unit":"px","top":"0","right":"0","bottom":"0","left":"0","isLinked":true},"button_typography_typography":"custom","button_typography_font_size":{"unit":"px","size":14},"button_typography_font_weight":"600","button_typography_text_transform":"uppercase","button_background_color":"#ffffff","button_border_radius":{"unit":"px","top":"0","right":"0","bottom":"0","left":"0","isLinked":true},"button_hover_color":"#000000","button_background_hover_color":"#00ce1b","label_spacing":{"unit":"px","size":5},"label_color":"#686868","button_text_color":"#000000","field_background_color":"rgba(255,255,255,0)","label_typography_font_size_mobile":{"unit":"px","size":16}},"elements":[],"widgetType":"form"}],"isInner":false}],"isInner":false}],"page_settings":[]}