{"content":[{"id":"1910af85","elType":"section","settings":{"gap":"no","custom_height":{"unit":"px","size":""},"content_position":"middle","structure":"20","background_background":"classic","background_color":"#000000","padding":{"unit":"px","top":"100","right":"0","bottom":"100","left":"0","isLinked":false},"padding_tablet":{"unit":"px","top":"100","right":"25","bottom":"100","left":"25","isLinked":false}},"elements":[{"id":"cd15f88","elType":"column","settings":{"_column_size":50,"_inline_size":null,"padding":{"unit":"%","top":"0","right":"10","bottom":"0","left":"0","isLinked":false},"padding_mobile":{"unit":"px","top":"0","right":"0","bottom":"35","left":"0","isLinked":false}},"elements":[{"id":"725ad78f","elType":"widget","settings":{"title":"Get In touch","title_color":"#ffffff","typography_typography":"custom","typography_font_size":{"unit":"px","size":65},"align_mobile":"center","typography_font_size_tablet":{"unit":"px","size":45},"header_size":"h3"},"elements":[],"widgetType":"heading"},{"id":"34200316","elType":"widget","settings":{"editor":"<p>Leave us a message<\/p>","text_color":"#686868","typography_typography":"custom","typography_font_size":{"unit":"px","size":15},"_margin":{"unit":"px","top":"-22","right":"0","bottom":"0","left":"0","isLinked":false},"typography_font_weight":"300","align_mobile":"center"},"elements":[],"widgetType":"text-editor"},{"id":"715b119a","elType":"widget","settings":{"form_name":"New Form","form_fields":[{"_id":"name","field_type":"text","field_label":"Name","placeholder":"Bobby D","width":"100","field_value":"","required":"","file_sizes":"","file_types":"","allow_multiple_upload":"","max_files":"","acceptance_text":"","checked_by_default":"","field_min":"","field_max":"","min_date":"","max_date":"","use_native_date":"","use_native_time":"","field_options":"","allow_multiple":"","select_size":"","inline_list":"","field_html":"","width_tablet":"","width_mobile":"","rows":4,"recaptcha_size":"normal","recaptcha_style":"light","css_classes":""},{"_id":"email","field_type":"email","required":"true","field_label":"Email","placeholder":"contacts@company.com","width":"100","field_value":"","file_sizes":"","file_types":"","allow_multiple_upload":"","max_files":"","acceptance_text":"","checked_by_default":"","field_min":"","field_max":"","min_date":"","max_date":"","use_native_date":"","use_native_time":"","field_options":"","allow_multiple":"","select_size":"","inline_list":"","field_html":"","width_tablet":"","width_mobile":"","rows":4,"recaptcha_size":"normal","recaptcha_style":"light","css_classes":""},{"_id":"message","field_type":"textarea","field_label":"Message","placeholder":"Write your message here","width":"100","field_value":"","required":"","file_sizes":"","file_types":"","allow_multiple_upload":"","max_files":"","acceptance_text":"","checked_by_default":"","field_min":"","field_max":"","min_date":"","max_date":"","use_native_date":"","use_native_time":"","field_options":"","allow_multiple":"","select_size":"","inline_list":"","field_html":"","width_tablet":"","width_mobile":"","rows":4,"recaptcha_size":"normal","recaptcha_style":"light","css_classes":""}],"show_labels":"","button_text":"Send message","email_content":"[all-fields]","email_content_2":"[all-fields]","success_message":"The form was sent successfully!","error_message":"Please fill in the required fields.","required_field_message":"Required","invalid_message":"There's something wrong. The form is invalid.","row_gap":{"unit":"px","size":17},"field_text_color":"#ffffff","field_typography_typography":"custom","field_typography_font_size":{"unit":"px","size":15},"field_border_color":"#686868","field_border_radius":{"unit":"px","top":"0","right":"0","bottom":"0","left":"0","isLinked":true},"button_text_color":"#000000","button_typography_typography":"custom","button_typography_font_size":{"unit":"px","size":15},"button_typography_font_weight":"600","button_typography_text_transform":"uppercase","button_background_color":"#ffffff","button_border_radius":{"unit":"px","top":"0","right":"0","bottom":"0","left":"0","isLinked":true},"button_hover_color":"#ffffff","button_background_hover_color":"#00ce1b","field_typography_font_weight":"300","field_background_color":"rgba(255,255,255,0)","button_size":"md"},"elements":[],"widgetType":"form"}],"isInner":false},{"id":"4bc5e678","elType":"column","settings":{"_column_size":50,"_inline_size":null,"background_background":"classic","background_color":"#ffffff","padding":{"unit":"px","top":"75","right":"75","bottom":"75","left":"75","isLinked":false},"padding_tablet":{"unit":"px","top":"30","right":"30","bottom":"30","left":"30","isLinked":true},"padding_mobile":{"unit":"px","top":"10","right":"10","bottom":"10","left":"10","isLinked":true}},"elements":[{"id":"604cbef1","elType":"widget","settings":{"address":"London Eye, London, United Kingdom","zoom":{"unit":"px","size":15},"height":{"unit":"px","size":260},"_background_color":"#000000","_background_color_stop":{"unit":"%","size":16},"_background_color_b":"#ffffff","_background_color_b_stop":{"unit":"%","size":96}},"elements":[],"widgetType":"google_maps"},{"id":"265e60f2","elType":"widget","settings":{"icon":"fa fa-map-marker","title_text":"7517 Comstock Ln, Darien, IL, 60561","description_text":"","position":"left","primary_color":"#686868","icon_space":{"unit":"px","size":4},"icon_size":{"unit":"px","size":29},"title_bottom_space":{"unit":"px","size":0},"title_color":"#000000","title_typography_typography":"custom","title_typography_font_size":{"unit":"px","size":16},"title_typography_line_height":{"unit":"em","size":1.9}},"elements":[],"widgetType":"icon-box"},{"id":"4b9e84d","elType":"widget","settings":{"icon":"fa fa-mobile-phone","title_text":"(630) 663-1232, (865) 767-2927","description_text":"","position":"left","primary_color":"#686868","icon_space":{"unit":"px","size":4},"icon_size":{"unit":"px","size":29},"title_bottom_space":{"unit":"px","size":0},"title_color":"#000000","title_typography_typography":"custom","title_typography_font_size":{"unit":"px","size":16},"_margin":{"unit":"px","top":"-10","right":"0","bottom":"0","left":"0","isLinked":false},"title_typography_line_height":{"unit":"em","size":1.9},"_margin_tablet":{"unit":"px","top":"-10","right":"0","bottom":"0","left":"0","isLinked":false},"_margin_mobile":{"unit":"px","top":"-10","right":"0","bottom":"0","left":"0","isLinked":false}},"elements":[],"widgetType":"icon-box"}],"isInner":false}],"isInner":false}],"page_settings":[]}