{"content":[{"id":"2353971e","elType":"section","settings":{"gap":"no","custom_height":{"unit":"px","size":""},"content_position":"middle","background_background":"classic","background_color":"#000000","padding":{"unit":"px","top":"100","right":"0","bottom":"100","left":"0","isLinked":false},"padding_tablet":{"unit":"px","top":"100","right":"25","bottom":"100","left":"25","isLinked":false},"padding_mobile":{"unit":"px","top":"50","right":"20","bottom":"50","left":"20","isLinked":false}},"elements":[{"id":"68827185","elType":"column","settings":{"_column_size":100},"elements":[{"id":"eae0c17","elType":"widget","settings":{"title":"Get In touch","title_color":"#ffffff","typography_typography":"custom","typography_font_size":{"unit":"px","size":65},"align":"center","typography_font_size_mobile":{"unit":"px","size":35},"header_size":"h3"},"elements":[],"widgetType":"heading"},{"id":"13356551","elType":"section","settings":{"gap":"no","content_position":"middle","structure":"20","padding":{"unit":"px","top":"25","right":"0","bottom":"0","left":"0","isLinked":false}},"elements":[{"id":"4b4262e4","elType":"column","settings":{"_column_size":50,"_inline_size":62.1,"padding":{"unit":"%","top":"0","right":"10","bottom":"0","left":"0","isLinked":false},"padding_mobile":{"unit":"px","top":"0","right":"0","bottom":"35","left":"0","isLinked":false}},"elements":[{"id":"31f1c754","elType":"widget","settings":{"form_name":"New Form","form_fields":[{"_id":"name","field_type":"text","field_label":"Name","placeholder":"Name","width":"50","field_value":"","required":"","file_sizes":"","file_types":"","allow_multiple_upload":"","max_files":"","acceptance_text":"","checked_by_default":"","field_min":"","field_max":"","min_date":"","max_date":"","use_native_date":"","use_native_time":"","field_options":"","allow_multiple":"","select_size":"","inline_list":"","field_html":"","width_tablet":"","width_mobile":"","rows":4,"recaptcha_size":"normal","recaptcha_style":"light","css_classes":""},{"_id":"email","field_type":"email","required":"true","field_label":"Email","placeholder":"Email","width":"50","field_value":"","file_sizes":"","file_types":"","allow_multiple_upload":"","max_files":"","acceptance_text":"","checked_by_default":"","field_min":"","field_max":"","min_date":"","max_date":"","use_native_date":"","use_native_time":"","field_options":"","allow_multiple":"","select_size":"","inline_list":"","field_html":"","width_tablet":"","width_mobile":"","rows":4,"recaptcha_size":"normal","recaptcha_style":"light","css_classes":""},{"_id":"b26ecb6","field_type":"text","required":"true","field_label":"Phone","placeholder":"Phone","width":"50","field_value":"","file_sizes":"","file_types":"","allow_multiple_upload":"","max_files":"","acceptance_text":"","checked_by_default":"","field_min":"","field_max":"","min_date":"","max_date":"","use_native_date":"","use_native_time":"","field_options":"","allow_multiple":"","select_size":"","inline_list":"","field_html":"","width_tablet":"","width_mobile":"","rows":4,"recaptcha_size":"normal","recaptcha_style":"light","css_classes":""},{"_id":"894019a","field_type":"text","required":"true","field_label":"Company","placeholder":"Company","width":"50","field_value":"","file_sizes":"","file_types":"","allow_multiple_upload":"","max_files":"","acceptance_text":"","checked_by_default":"","field_min":"","field_max":"","min_date":"","max_date":"","use_native_date":"","use_native_time":"","field_options":"","allow_multiple":"","select_size":"","inline_list":"","field_html":"","width_tablet":"","width_mobile":"","rows":4,"recaptcha_size":"normal","recaptcha_style":"light","css_classes":""},{"_id":"message","field_type":"textarea","field_label":"Message","placeholder":"Message","width":"100","field_value":"","required":"","file_sizes":"","file_types":"","allow_multiple_upload":"","max_files":"","acceptance_text":"","checked_by_default":"","field_min":"","field_max":"","min_date":"","max_date":"","use_native_date":"","use_native_time":"","field_options":"","allow_multiple":"","select_size":"","inline_list":"","field_html":"","width_tablet":"","width_mobile":"","rows":4,"recaptcha_size":"normal","recaptcha_style":"light","css_classes":""}],"show_labels":"","button_text":"Send Message","button_align":"end","email_content":"[all-fields]","email_content_2":"[all-fields]","success_message":"The form was sent successfully!","error_message":"Please fill in the required fields.","required_field_message":"Required","invalid_message":"There's something wrong. The form is invalid.","column_gap":{"unit":"px","size":15},"row_gap":{"unit":"px","size":15},"field_text_color":"#ffffff","field_typography_typography":"custom","field_typography_font_size":{"unit":"px","size":15},"field_typography_font_weight":"300","field_border_width":{"unit":"px","top":"0","right":"0","bottom":"1","left":"0","isLinked":false},"field_border_radius":{"unit":"px","top":"0","right":"0","bottom":"0","left":"0","isLinked":true},"button_text_color":"#000000","button_typography_typography":"custom","button_typography_font_size":{"unit":"px","size":15},"button_typography_font_weight":"600","button_typography_text_transform":"uppercase","button_background_color":"#ffffff","button_border_radius":{"unit":"px","top":"0","right":"0","bottom":"0","left":"0","isLinked":true},"button_text_padding":{"unit":"px","top":"15","right":"45","bottom":"15","left":"45","isLinked":false},"button_hover_color":"#000000","button_background_hover_color":"#00ce1b","field_background_color":"rgba(255,255,255,0)","field_border_color":"#ffffff","button_align_mobile":"center"},"elements":[],"widgetType":"form"}],"isInner":true},{"id":"53bd077e","elType":"column","settings":{"_column_size":50,"_inline_size":37.9,"background_background":"classic","background_color":"#ffffff","padding":{"unit":"px","top":"40","right":"30","bottom":"40","left":"30","isLinked":false},"padding_tablet":{"unit":"px","top":"15","right":"15","bottom":"15","left":"15","isLinked":true}},"elements":[{"id":"1472a24","elType":"widget","settings":{"icon":"fa fa-mobile-phone","title_text":"(518) 399-4188","description_text":"","primary_color":"#bfbfbf","icon_space":{"unit":"px","size":0},"title_color":"#000000","title_typography_typography":"custom","title_typography_font_size":{"unit":"px","size":36},"title_typography_font_weight":"900","title_typography_font_size_tablet":{"unit":"px","size":32}},"elements":[],"widgetType":"icon-box"},{"id":"3d295d96","elType":"widget","settings":{"editor":"<p>available from 10:00 - 19:00<\/p>","align":"center","text_color":"#686868","typography_typography":"custom","typography_font_size":{"unit":"px","size":15},"typography_font_weight":"300","_margin":{"unit":"px","top":"-35","right":"0","bottom":"0","left":"0","isLinked":false},"typography_font_size_mobile":{"unit":"px","size":13}},"elements":[],"widgetType":"text-editor"},{"id":"1c2c7013","elType":"widget","settings":{"editor":"<p><strong>Address\u00a0<\/strong>3212 River Rd, Frankfort, MI, 49635<\/p>","align":"center","text_color":"#000000","typography_typography":"custom","typography_font_size":{"unit":"px","size":15},"typography_font_weight":"200","typography_line_height":{"unit":"em","size":1.2},"typography_letter_spacing":{"unit":"px","size":0.5},"typography_font_size_mobile":{"unit":"px","size":13}},"elements":[],"widgetType":"text-editor"},{"id":"400383d3","elType":"widget","settings":{"editor":"<p><strong>Email\u00a0<\/strong>contact@company.com<\/p>","align":"center","text_color":"#000000","typography_typography":"custom","typography_font_size":{"unit":"px","size":16},"typography_font_weight":"200","typography_line_height":{"unit":"em","size":1.2},"typography_letter_spacing":{"unit":"px","size":0.5},"_margin":{"unit":"px","top":"-10","right":"0","bottom":"0","left":"0","isLinked":false},"typography_font_size_mobile":{"unit":"px","size":13}},"elements":[],"widgetType":"text-editor"}],"isInner":true}],"isInner":true}],"isInner":false}],"isInner":false}],"page_settings":[]}