{"content":[{"id":"18c487a3","elType":"section","settings":{"gap":"no","custom_height":{"unit":"px","size":""},"content_position":"middle","padding":{"unit":"px","top":"100","right":"0","bottom":"100","left":"0","isLinked":false},"padding_tablet":{"unit":"px","top":"100","right":"25","bottom":"100","left":"25","isLinked":false},"padding_mobile":{"unit":"px","top":"50","right":"20","bottom":"50","left":"20","isLinked":false}},"elements":[{"id":"72d522cd","elType":"column","settings":{"_column_size":100,"background_background":"classic","background_color":"#000000","padding":{"unit":"px","top":"80","right":"155","bottom":"80","left":"155","isLinked":false},"padding_tablet":{"unit":"px","top":"55","right":"55","bottom":"55","left":"55","isLinked":true},"padding_mobile":{"unit":"px","top":"30","right":"30","bottom":"30","left":"30","isLinked":true}},"elements":[{"id":"21f02d2","elType":"widget","settings":{"title":"Sign up right now and get 25% off","title_color":"#ffffff","typography_typography":"custom","typography_font_size":{"unit":"px","size":35},"align":"center","typography_font_size_mobile":{"unit":"px","size":28},"typography_line_height_mobile":{"unit":"em","size":1.2},"header_size":"h4"},"elements":[],"widgetType":"heading"},{"id":"5142ef63","elType":"widget","settings":{"form_name":"New Form","form_fields":[{"_id":"name","field_type":"text","field_label":"User name \/ Email","placeholder":"User name \/ Email","width":"40","field_value":"","required":"","file_sizes":"","file_types":"","allow_multiple_upload":"","max_files":"","acceptance_text":"","checked_by_default":"","field_min":"","field_max":"","min_date":"","max_date":"","use_native_date":"","use_native_time":"","field_options":"","allow_multiple":"","select_size":"","inline_list":"","field_html":"","width_tablet":"","width_mobile":"","rows":4,"recaptcha_size":"normal","recaptcha_style":"light","css_classes":""},{"_id":"email","field_type":"text","required":"true","field_label":"Password","placeholder":"Password","width":"40","field_value":"","file_sizes":"","file_types":"","allow_multiple_upload":"","max_files":"","acceptance_text":"","checked_by_default":"","field_min":"","field_max":"","min_date":"","max_date":"","use_native_date":"","use_native_time":"","field_options":"","allow_multiple":"","select_size":"","inline_list":"","field_html":"","width_tablet":"","width_mobile":"","rows":4,"recaptcha_size":"normal","recaptcha_style":"light","css_classes":""}],"show_labels":"","button_text":"Sign Up","button_width":"20","email_content":"[all-fields]","email_content_2":"[all-fields]","success_message":"The form was sent successfully!","error_message":"Please fill in the required fields.","required_field_message":"Required","invalid_message":"There's something wrong. The form is invalid.","field_text_color":"#ffffff","field_typography_typography":"custom","field_typography_font_size":{"unit":"px","size":15},"field_typography_font_weight":"300","field_background_color":"rgba(255,255,255,0)","field_border_color":"#686868","field_border_radius":{"unit":"px","top":"0","right":"0","bottom":"0","left":"0","isLinked":true},"button_text_color":"#000000","button_typography_typography":"custom","button_typography_font_size":{"unit":"px","size":15},"button_typography_font_weight":"600","button_typography_text_transform":"uppercase","button_background_color":"#ffffff","button_border_radius":{"unit":"px","top":"0","right":"0","bottom":"0","left":"0","isLinked":true},"button_text_padding":{"unit":"px","top":"0","right":"0","bottom":"0","left":"0","isLinked":true},"button_hover_color":"#000000","button_background_hover_color":"#00ce1b","_padding":{"unit":"px","top":"15","right":"0","bottom":"0","left":"0","isLinked":false},"_padding_mobile":{"unit":"px","top":"0","right":"0","bottom":"0","left":"0","isLinked":false}},"elements":[],"widgetType":"form"}],"isInner":false}],"isInner":false}],"page_settings":[]}