{"content":[{"id":"qnlqfzm","elType":"section","settings":{"section_layout":"","stretch_section":"","layout":"boxed","content_width":{"unit":"px","size":""},"gap":"default","height":"default","custom_height":{"unit":"px","size":400},"column_position":"middle","content_position":"","structure":"10","section_background":"","background_background":"classic","background_color":"#e3ecef","background_image":{"id":"607","url":"https:\/\/library.elementor.com\/wp-content\/uploads\/2016\/12\/1...jpg"},"background_position":"top center","background_attachment":"","background_repeat":"no-repeat","background_size":"auto","background_video_link":"","background_video_fallback":{"url":"","id":""},"background_overlay_section":"","background_overlay_background":"","background_overlay_color":"","background_overlay_image":{"url":"","id":""},"background_overlay_position":"","background_overlay_attachment":"","background_overlay_repeat":"","background_overlay_size":"","background_overlay_video_link":"","background_overlay_video_fallback":{"url":"","id":""},"background_overlay_opacity":{"unit":"px","size":0.5},"section_border":"","border_border":"","border_width":{"unit":"px","top":"","right":"","bottom":"","left":"","isLinked":true},"border_color":"","border_radius":{"unit":"px","top":"","right":"","bottom":"","left":"","isLinked":true},"box_shadow_box_shadow_type":"","box_shadow_box_shadow":{"horizontal":0,"vertical":0,"blur":10,"spread":0,"inset":"","color":"rgba(0,0,0,0.5)"},"section_typo":"","heading_color":"","color_text":"","color_link":"","color_link_hover":"","text_align":"","section_advanced":"","margin":{"unit":"px","top":"","right":"","bottom":"","left":"","isLinked":true},"margin_tablet":{"unit":"px","top":"","right":"","bottom":"","left":"","isLinked":true},"margin_mobile":{"unit":"px","top":"","right":"","bottom":"","left":"","isLinked":true},"padding":{"unit":"px","top":"300","right":"0","bottom":"150","left":"0","isLinked":false},"padding_tablet":{"unit":"px","top":"150","right":"0","bottom":"50","left":"0","isLinked":false},"padding_mobile":{"unit":"px","top":"90","right":"0","bottom":"50","left":"0","isLinked":false},"animation":"","animation_duration":"","css_classes":"","_section_responsive":"","reverse_order_mobile":"","heading_visibility":"","responsive_description":"","hide_desktop":"","hide_tablet":"","hide_mobile":"","section_custom_css":"","custom_css":"","custom_css_description":"","section_custom_css_pro":"","custom_css_pro":""},"elements":[{"id":"bhcxyzq","elType":"column","settings":{"_inline_size":null,"_column_size":100,"section_style":"","background_background":"classic","background_color":"#ffffff","background_image":{"url":"","id":""},"background_position":"","background_attachment":"","background_repeat":"","background_size":"","background_video_link":"","background_video_fallback":{"url":"","id":""},"border_border":"","border_width":{"unit":"px","top":"","right":"","bottom":"","left":"","isLinked":true},"border_color":"","border_radius":{"unit":"px","top":"","right":"","bottom":"","left":"","isLinked":true},"box_shadow_box_shadow_type":"","box_shadow_box_shadow":{"horizontal":0,"vertical":0,"blur":10,"spread":0,"inset":"","color":"rgba(0,0,0,0.5)"},"section_typo":"","heading_color":"","color_text":"","color_link":"","color_link_hover":"","text_align":"","section_advanced":"","margin":{"unit":"px","top":"","right":"","bottom":"","left":"","isLinked":true},"margin_tablet":{"unit":"px","top":"0","right":"30","bottom":"0","left":"30","isLinked":false},"margin_mobile":{"unit":"px","top":"0","right":"15","bottom":"0","left":"15","isLinked":false},"padding":{"unit":"px","top":"130","right":"130","bottom":"130","left":"130","isLinked":true},"padding_tablet":{"unit":"px","top":"90","right":"60","bottom":"60","left":"60","isLinked":false},"padding_mobile":{"unit":"px","top":"40","right":"40","bottom":"40","left":"40","isLinked":true},"animation":"","animation_duration":"","css_classes":"","section_responsive":"","screen_sm":"default","screen_sm_width":"100","screen_xs":"default","screen_xs_width":"100","section_custom_css":"","custom_css":"","custom_css_description":"","section_custom_css_pro":"","custom_css_pro":"","section_background_overlay":"","background_overlay_background":"","background_overlay_color":"","background_overlay_image":{"url":"","id":""},"background_overlay_position":"","background_overlay_attachment":"","background_overlay_repeat":"","background_overlay_size":"","background_overlay_video_link":"","background_overlay_video_fallback":{"url":"","id":""},"background_overlay_opacity":{"unit":"px","size":0.5}},"elements":[{"id":"nwnbteb","elType":"widget","settings":{"section_title":"","title":"Professional Consultation","link":{"is_external":"","url":""},"size":"default","header_size":"p","align":"center","align_tablet":"","align_mobile":"","view":"traditional","section_title_style":"","title_color":"#60626b","typography_typography":"custom","typography_font_size":{"unit":"px","size":"12"},"typography_font_size_tablet":{"unit":"px","size":""},"typography_font_size_mobile":{"unit":"px","size":""},"typography_font_family":"Helvetica","typography_font_weight":"","typography_text_transform":"uppercase","typography_font_style":"","typography_line_height":{"unit":"em","size":""},"typography_line_height_tablet":{"unit":"em","size":""},"typography_line_height_mobile":{"unit":"em","size":""},"typography_letter_spacing":{"unit":"px","size":"5"},"typography_letter_spacing_tablet":{"unit":"px","size":""},"typography_letter_spacing_mobile":{"unit":"px","size":1.4},"_section_style":"","_margin":{"unit":"px","top":"","right":"","bottom":"","left":"","isLinked":true},"_margin_tablet":{"unit":"px","top":"","right":"","bottom":"","left":"","isLinked":true},"_margin_mobile":{"unit":"px","top":"","right":"","bottom":"","left":"","isLinked":true},"_padding":{"unit":"px","top":"","right":"","bottom":"","left":"","isLinked":true},"_padding_tablet":{"unit":"px","top":"","right":"","bottom":"","left":"","isLinked":true},"_padding_mobile":{"unit":"px","top":"","right":"","bottom":"","left":"","isLinked":true},"_animation":"","animation_duration":"","_css_classes":"","_section_background":"","_background_background":"","_background_color":"","_background_image":{"url":"","id":""},"_background_position":"","_background_attachment":"","_background_repeat":"","_background_size":"","_background_video_link":"","_background_video_fallback":{"url":"","id":""},"_border_border":"","_border_width":{"unit":"px","top":"","right":"","bottom":"","left":"","isLinked":true},"_border_color":"","_border_radius":{"unit":"px","top":"","right":"","bottom":"","left":"","isLinked":true},"_box_shadow_box_shadow_type":"","_box_shadow_box_shadow":{"horizontal":0,"vertical":0,"blur":10,"spread":0,"inset":"","color":"rgba(0,0,0,0.5)"},"_section_responsive":"","responsive_description":"","hide_desktop":"","hide_tablet":"","hide_mobile":"","section_custom_css_pro":"","custom_css_pro":"","section_custom_css":"","custom_css":"","custom_css_description":""},"elements":[],"widgetType":"heading"},{"id":"qfuyvgc","elType":"widget","settings":{"section_divider":"","style":"solid","weight":{"unit":"px","size":"1"},"color":"#5cb1cd","width":{"unit":"%","size":35},"align":"center","align_tablet":"","align_mobile":"","gap":{"unit":"px","size":2},"view":"traditional","_section_style":"","_margin":{"unit":"px","top":"","right":"","bottom":"","left":"","isLinked":true},"_margin_tablet":{"unit":"px","top":"","right":"","bottom":"","left":"","isLinked":true},"_margin_mobile":{"unit":"px","top":"","right":"","bottom":"","left":"","isLinked":true},"_padding":{"unit":"px","top":"","right":"","bottom":"","left":"","isLinked":true},"_padding_tablet":{"unit":"px","top":"","right":"","bottom":"","left":"","isLinked":true},"_padding_mobile":{"unit":"px","top":"","right":"","bottom":"","left":"","isLinked":true},"_animation":"","animation_duration":"","_css_classes":"","_section_background":"","_background_background":"","_background_color":"","_background_image":{"url":"","id":""},"_background_position":"","_background_attachment":"","_background_repeat":"","_background_size":"","_background_video_link":"","_background_video_fallback":{"url":"","id":""},"_border_border":"","_border_width":{"unit":"px","top":"","right":"","bottom":"","left":"","isLinked":true},"_border_color":"","_border_radius":{"unit":"px","top":"","right":"","bottom":"","left":"","isLinked":true},"_box_shadow_box_shadow_type":"","_box_shadow_box_shadow":{"horizontal":0,"vertical":0,"blur":10,"spread":0,"inset":"","color":"rgba(0,0,0,0.5)"},"_section_responsive":"","responsive_description":"","hide_desktop":"","hide_tablet":"","hide_mobile":"","section_custom_css_pro":"","custom_css_pro":"","section_custom_css":"","custom_css":"","custom_css_description":""},"elements":[],"widgetType":"divider"},{"id":"oyhqqjv","elType":"widget","settings":{"section_title":"","title":"Contact","link":{"is_external":"","url":""},"size":"default","header_size":"h2","align":"center","align_tablet":"","align_mobile":"","view":"traditional","section_title_style":"","title_color":"#000000","typography_typography":"custom","typography_font_size":{"unit":"px","size":"40"},"typography_font_size_tablet":{"unit":"px","size":""},"typography_font_size_mobile":{"unit":"px","size":""},"typography_font_family":"Vidaloka","typography_font_weight":"","typography_text_transform":"uppercase","typography_font_style":"","typography_line_height":{"unit":"em","size":""},"typography_line_height_tablet":{"unit":"em","size":""},"typography_line_height_mobile":{"unit":"em","size":""},"typography_letter_spacing":{"unit":"px","size":""},"typography_letter_spacing_tablet":{"unit":"px","size":""},"typography_letter_spacing_mobile":{"unit":"px","size":""},"_section_style":"","_margin":{"unit":"px","top":"","right":"","bottom":"","left":"","isLinked":true},"_margin_tablet":{"unit":"px","top":"","right":"","bottom":"","left":"","isLinked":true},"_margin_mobile":{"unit":"px","top":"","right":"","bottom":"","left":"","isLinked":true},"_padding":{"unit":"px","top":"15","right":"0","bottom":"0","left":"0","isLinked":false},"_padding_tablet":{"unit":"px","top":"","right":"","bottom":"","left":"","isLinked":true},"_padding_mobile":{"unit":"px","top":"","right":"","bottom":"","left":"","isLinked":true},"_animation":"","animation_duration":"","_css_classes":"","_section_background":"","_background_background":"","_background_color":"","_background_image":{"url":"","id":""},"_background_position":"","_background_attachment":"","_background_repeat":"","_background_size":"","_background_video_link":"","_background_video_fallback":{"url":"","id":""},"_border_border":"","_border_width":{"unit":"px","top":"","right":"","bottom":"","left":"","isLinked":true},"_border_color":"","_border_radius":{"unit":"px","top":"","right":"","bottom":"","left":"","isLinked":true},"_box_shadow_box_shadow_type":"","_box_shadow_box_shadow":{"horizontal":0,"vertical":0,"blur":10,"spread":0,"inset":"","color":"rgba(0,0,0,0.5)"},"_section_responsive":"","responsive_description":"","hide_desktop":"","hide_tablet":"","hide_mobile":"","section_custom_css_pro":"","custom_css_pro":"","section_custom_css":"","custom_css":"","custom_css_description":""},"elements":[],"widgetType":"heading"},{"id":"dtohord","elType":"widget","settings":{"section_form_fields":"","form_name":"New Form","form_fields":[{"field_type":"text","field_label":"Name","placeholder":"Name","width":"33","_id":"ls8f5vw","required":"","field_options":"","inline_list":"","rows":4,"recaptcha_size":"normal","recaptcha_style":"light","css_classes":"","width_tablet":"","width_mobile":""},{"field_type":"email","field_label":"Email","placeholder":"Email","width":"33","_id":"61jgmeg","required":"","field_options":"","inline_list":"","rows":4,"recaptcha_size":"normal","recaptcha_style":"light","css_classes":"","width_tablet":"","width_mobile":""},{"field_type":"text","field_label":"Phone","placeholder":"Phone","width":"33","_id":"vcfzijy","required":"","field_options":"","inline_list":"","rows":4,"recaptcha_size":"normal","recaptcha_style":"light","css_classes":"","width_tablet":"","width_mobile":""},{"field_type":"text","field_label":"Subject","placeholder":"Subject","width":"100","_id":"125shfm","required":"","field_options":"","inline_list":"","rows":4,"recaptcha_size":"normal","recaptcha_style":"light","css_classes":"","width_tablet":"","width_mobile":""},{"field_type":"textarea","field_label":"Message","placeholder":"Your Message","width":"100","_id":"uvnsnlz","rows":"4","required":"","field_options":"","inline_list":"","recaptcha_size":"normal","recaptcha_style":"light","css_classes":"","width_tablet":"","width_mobile":""}],"input_size":"sm","show_labels":"","label_position":"above","section_submit_button":"","button_text":"Send Message","button_size":"sm","button_width":"100","button_align":"center","button_align_tablet":"stretch","button_align_mobile":"stretch","button_icon":"","button_icon_align":"left","button_icon_indent":{"unit":"px","size":""},"section_form_options":"","form_metadata":["date","time","page_url","user_agent","remote_ip","credit"],"custom_messages":"","success_message":"The message was sent successfully!","error_message":"There's something wrong... Please fill in the required fields.","required_field_message":"Required","invalid_message":"There's something wrong... The form is invalid.","section_form_style":"","column_gap":{"unit":"px","size":38},"row_gap":{"unit":"px","size":26},"heading_label":"","label_spacing":{"unit":"px","size":"0"},"label_color":"","label_typography_typography":"custom","label_typography_font_size":{"unit":"px","size":1},"label_typography_font_size_tablet":{"unit":"px","size":""},"label_typography_font_size_mobile":{"unit":"px","size":""},"label_typography_font_family":"Helvetica","label_typography_font_weight":"100","label_typography_text_transform":"","label_typography_font_style":"italic","label_typography_line_height":{"unit":"em","size":0.1},"label_typography_line_height_tablet":{"unit":"em","size":""},"label_typography_line_height_mobile":{"unit":"em","size":""},"label_typography_letter_spacing":{"unit":"px","size":-0.3},"label_typography_letter_spacing_tablet":{"unit":"px","size":""},"label_typography_letter_spacing_mobile":{"unit":"px","size":""},"section_field_style":"","field_text_color":"#919ca7","field_typography_typography":"custom","field_typography_font_size":{"unit":"px","size":""},"field_typography_font_size_tablet":{"unit":"px","size":""},"field_typography_font_size_mobile":{"unit":"px","size":""},"field_typography_font_family":"Helvetica","field_typography_font_weight":"100","field_typography_text_transform":"","field_typography_font_style":"","field_typography_line_height":{"unit":"em","size":1.7},"field_typography_line_height_tablet":{"unit":"em","size":""},"field_typography_line_height_mobile":{"unit":"em","size":""},"field_typography_letter_spacing":{"unit":"px","size":""},"field_typography_letter_spacing_tablet":{"unit":"px","size":""},"field_typography_letter_spacing_mobile":{"unit":"px","size":""},"field_background_color":"#ffffff","field_border_color":"","field_border_width":{"unit":"px","top":"0","right":"0","bottom":"1","left":"0","isLinked":false},"field_border_radius":{"unit":"px","top":"0","right":"0","bottom":"0","left":"0","isLinked":true},"section_button_style":"","tabs_button_style":"","tab_button_normal":"","button_text_color":"#000000","button_typography_typography":"custom","button_typography_font_size":{"unit":"px","size":"14"},"button_typography_font_size_tablet":{"unit":"px","size":""},"button_typography_font_size_mobile":{"unit":"px","size":""},"button_typography_font_family":"Helvetica","button_typography_font_weight":"bold","button_typography_text_transform":"uppercase","button_typography_font_style":"","button_typography_line_height":{"unit":"em","size":1.9},"button_typography_line_height_tablet":{"unit":"em","size":""},"button_typography_line_height_mobile":{"unit":"em","size":""},"button_typography_letter_spacing":{"unit":"px","size":4.1},"button_typography_letter_spacing_tablet":{"unit":"px","size":""},"button_typography_letter_spacing_mobile":{"unit":"px","size":""},"button_background_color":"#ffffff","button_border_border":"solid","button_border_width":{"unit":"px","top":"2","right":"2","bottom":"2","left":"2","isLinked":true},"button_border_color":"","button_border_radius":{"unit":"px","top":"0","right":"0","bottom":"0","left":"0","isLinked":false},"button_text_padding":{"unit":"px","top":"","right":"","bottom":"","left":"","isLinked":true},"tab_button_hover":"","button_hover_color":"#ffffff","button_background_hover_color":"#000000","button_hover_border_color":"#000000","button_hover_animation":"","_section_style":"","_margin":{"unit":"px","top":"","right":"","bottom":"","left":"","isLinked":true},"_margin_tablet":{"unit":"px","top":"","right":"","bottom":"","left":"","isLinked":true},"_margin_mobile":{"unit":"px","top":"","right":"","bottom":"","left":"","isLinked":true},"_padding":{"unit":"px","top":"90","right":"0","bottom":"150","left":"0","isLinked":false},"_padding_tablet":{"unit":"px","top":"60","right":"0","bottom":"90","left":"0","isLinked":false},"_padding_mobile":{"unit":"px","top":"0","right":"0","bottom":"50","left":"0","isLinked":false},"_animation":"","animation_duration":"","_css_classes":"","_section_background":"","_background_background":"","_background_color":"","_background_image":{"url":"","id":""},"_background_position":"","_background_attachment":"","_background_repeat":"","_background_size":"","_background_video_link":"","_background_video_fallback":{"url":"","id":""},"_border_border":"","_border_width":{"unit":"px","top":"","right":"","bottom":"","left":"","isLinked":true},"_border_color":"","_border_radius":{"unit":"px","top":"","right":"","bottom":"","left":"","isLinked":true},"_box_shadow_box_shadow_type":"","_box_shadow_box_shadow":{"horizontal":0,"vertical":0,"blur":10,"spread":0,"inset":"","color":"rgba(0,0,0,0.5)"},"_section_responsive":"","responsive_description":"","hide_desktop":"","hide_tablet":"","hide_mobile":"","section_custom_css":"","custom_css":"","custom_css_description":"","section_custom_css_pro":"","custom_css_pro":"","webhooks":"","mark_required":"","button_width_tablet":"","button_width_mobile":"","send_html":"","mark_required_color":"","submit_actions":["email"]},"elements":[],"widgetType":"form"},{"id":"rspvhdp","elType":"section","settings":{"section_layout":"","layout":"boxed","content_width":{"unit":"px","size":""},"gap":"default","height_inner":"default","custom_height_inner":{"unit":"px","size":400},"column_position":"middle","content_position":"","structure":"20","section_background":"","background_background":"","background_color":"","background_image":{"url":"","id":""},"background_position":"","background_attachment":"","background_repeat":"","background_size":"","background_video_link":"","background_video_fallback":{"url":"","id":""},"background_overlay_section":"","background_overlay_background":"","background_overlay_color":"","background_overlay_image":{"url":"","id":""},"background_overlay_position":"","background_overlay_attachment":"","background_overlay_repeat":"","background_overlay_size":"","background_overlay_video_link":"","background_overlay_video_fallback":{"url":"","id":""},"background_overlay_opacity":{"unit":"px","size":0.5},"section_border":"","border_border":"","border_width":{"unit":"px","top":"","right":"","bottom":"","left":"","isLinked":true},"border_color":"","border_radius":{"unit":"px","top":"","right":"","bottom":"","left":"","isLinked":true},"box_shadow_box_shadow_type":"","box_shadow_box_shadow":{"horizontal":0,"vertical":0,"blur":10,"spread":0,"inset":"","color":"rgba(0,0,0,0.5)"},"section_typo":"","heading_color":"","color_text":"","color_link":"","color_link_hover":"","text_align":"","section_advanced":"","margin":{"unit":"px","top":"","right":"","bottom":"","left":"","isLinked":true},"margin_tablet":{"unit":"px","top":"","right":"","bottom":"","left":"","isLinked":true},"margin_mobile":{"unit":"px","top":"","right":"","bottom":"","left":"","isLinked":true},"padding":{"unit":"px","top":"","right":"","bottom":"","left":"","isLinked":true},"padding_tablet":{"unit":"px","top":"","right":"","bottom":"","left":"","isLinked":true},"padding_mobile":{"unit":"px","top":"","right":"","bottom":"","left":"","isLinked":true},"animation":"","animation_duration":"","css_classes":"","_section_responsive":"","reverse_order_mobile":"","heading_visibility":"","responsive_description":"","hide_desktop":"","hide_tablet":"","hide_mobile":"","section_custom_css":"","custom_css":"","custom_css_description":"","section_custom_css_pro":"","custom_css_pro":""},"elements":[{"id":"qvmdhix","elType":"column","settings":{"_inline_size":null,"_column_size":50,"section_style":"","background_background":"","background_color":"","background_image":{"url":"","id":""},"background_position":"","background_attachment":"","background_repeat":"","background_size":"","background_video_link":"","background_video_fallback":{"url":"","id":""},"border_border":"","border_width":{"unit":"px","top":"","right":"","bottom":"","left":"","isLinked":true},"border_color":"","border_radius":{"unit":"px","top":"","right":"","bottom":"","left":"","isLinked":true},"box_shadow_box_shadow_type":"","box_shadow_box_shadow":{"horizontal":0,"vertical":0,"blur":10,"spread":0,"inset":"","color":"rgba(0,0,0,0.5)"},"section_typo":"","heading_color":"","color_text":"","color_link":"","color_link_hover":"","text_align":"","section_advanced":"","margin":{"unit":"px","top":"","right":"","bottom":"","left":"","isLinked":true},"margin_tablet":{"unit":"px","top":"","right":"","bottom":"","left":"","isLinked":true},"margin_mobile":{"unit":"px","top":"","right":"","bottom":"","left":"","isLinked":true},"padding":{"unit":"px","top":"0","right":"30","bottom":"0","left":"0","isLinked":false},"padding_tablet":{"unit":"px","top":"","right":"","bottom":"","left":"","isLinked":true},"padding_mobile":{"unit":"px","top":"0","right":"0","bottom":"0","left":"0","isLinked":true},"animation":"","animation_duration":"","css_classes":"","section_responsive":"","screen_sm":"default","screen_sm_width":"100","screen_xs":"default","screen_xs_width":"100","section_custom_css":"","custom_css":"","custom_css_description":"","section_custom_css_pro":"","custom_css_pro":"","section_background_overlay":"","background_overlay_background":"","background_overlay_color":"","background_overlay_image":{"url":"","id":""},"background_overlay_position":"","background_overlay_attachment":"","background_overlay_repeat":"","background_overlay_size":"","background_overlay_video_link":"","background_overlay_video_fallback":{"url":"","id":""},"background_overlay_opacity":{"unit":"px","size":0.5}},"elements":[{"id":"lbzrkuf","elType":"widget","settings":{"section_title":"","title":"Contact Information","link":{"is_external":"","url":""},"size":"default","header_size":"h3","align":"","align_tablet":"","align_mobile":"center","view":"traditional","section_title_style":"","title_color":"#000000","typography_typography":"custom","typography_font_size":{"unit":"px","size":35},"typography_font_size_tablet":{"unit":"px","size":30},"typography_font_size_mobile":{"unit":"px","size":""},"typography_font_family":"Vidaloka","typography_font_weight":"","typography_text_transform":"","typography_font_style":"","typography_line_height":{"unit":"em","size":""},"typography_line_height_tablet":{"unit":"em","size":""},"typography_line_height_mobile":{"unit":"em","size":""},"typography_letter_spacing":{"unit":"px","size":-1},"typography_letter_spacing_tablet":{"unit":"px","size":""},"typography_letter_spacing_mobile":{"unit":"px","size":""},"_section_style":"","_margin":{"unit":"px","top":"","right":"","bottom":"","left":"","isLinked":true},"_margin_tablet":{"unit":"px","top":"","right":"","bottom":"","left":"","isLinked":true},"_margin_mobile":{"unit":"px","top":"","right":"","bottom":"","left":"","isLinked":true},"_padding":{"unit":"px","top":"0","right":"0","bottom":"10","left":"0","isLinked":false},"_padding_tablet":{"unit":"px","top":"","right":"","bottom":"","left":"","isLinked":true},"_padding_mobile":{"unit":"px","top":"","right":"","bottom":"","left":"","isLinked":true},"_animation":"","animation_duration":"","_css_classes":"","_section_background":"","_background_background":"","_background_color":"","_background_image":{"url":"","id":""},"_background_position":"","_background_attachment":"","_background_repeat":"","_background_size":"","_background_video_link":"","_background_video_fallback":{"url":"","id":""},"_border_border":"","_border_width":{"unit":"px","top":"","right":"","bottom":"","left":"","isLinked":true},"_border_color":"","_border_radius":{"unit":"px","top":"","right":"","bottom":"","left":"","isLinked":true},"_box_shadow_box_shadow_type":"","_box_shadow_box_shadow":{"horizontal":0,"vertical":0,"blur":10,"spread":0,"inset":"","color":"rgba(0,0,0,0.5)"},"_section_responsive":"","responsive_description":"","hide_desktop":"","hide_tablet":"","hide_mobile":"","section_custom_css_pro":"","custom_css_pro":"","section_custom_css":"","custom_css":"","custom_css_description":""},"elements":[],"widgetType":"heading"},{"id":"pmygsyo","elType":"widget","settings":{"section_editor":"","editor":"<p>Lorem ipsum dolor sit amet, consectetur adipiscing elit. Vestibulum ultricies sollicitudin ante nec mattis. Mauris eget ornare nibh. Nam venenatis<\/p><p><strong>Adress:<\/strong> 2600 Flatbush Ave, Brooklyn, NY 11234<\/p><p><strong>Phone:<\/strong> +1 718-951-3888<\/p><p><strong>Fax:<\/strong> +1 718-951-8080<\/p>","section_style":"","align":"","align_tablet":"","align_mobile":"center","text_color":"","typography_typography":"custom","typography_font_size":{"unit":"px","size":"16"},"typography_font_size_tablet":{"unit":"px","size":""},"typography_font_size_mobile":{"unit":"px","size":""},"typography_font_family":"Helvetica","typography_font_weight":"300","typography_text_transform":"","typography_font_style":"","typography_line_height":{"unit":"em","size":""},"typography_line_height_tablet":{"unit":"em","size":""},"typography_line_height_mobile":{"unit":"em","size":""},"typography_letter_spacing":{"unit":"px","size":""},"typography_letter_spacing_tablet":{"unit":"px","size":""},"typography_letter_spacing_mobile":{"unit":"px","size":""},"_section_style":"","_margin":{"unit":"px","top":"","right":"","bottom":"","left":"","isLinked":true},"_margin_tablet":{"unit":"px","top":"","right":"","bottom":"","left":"","isLinked":true},"_margin_mobile":{"unit":"px","top":"","right":"","bottom":"","left":"","isLinked":true},"_padding":{"unit":"px","top":"","right":"","bottom":"","left":"","isLinked":true},"_padding_tablet":{"unit":"px","top":"","right":"","bottom":"","left":"","isLinked":true},"_padding_mobile":{"unit":"px","top":"0","right":"0","bottom":"30","left":"0","isLinked":false},"_animation":"","animation_duration":"","_css_classes":"","_section_background":"","_background_background":"","_background_color":"","_background_image":{"url":"","id":""},"_background_position":"","_background_attachment":"","_background_repeat":"","_background_size":"","_background_video_link":"","_background_video_fallback":{"url":"","id":""},"_border_border":"","_border_width":{"unit":"px","top":"","right":"","bottom":"","left":"","isLinked":true},"_border_color":"","_border_radius":{"unit":"px","top":"","right":"","bottom":"","left":"","isLinked":true},"_box_shadow_box_shadow_type":"","_box_shadow_box_shadow":{"horizontal":0,"vertical":0,"blur":10,"spread":0,"inset":"","color":"rgba(0,0,0,0.5)"},"_section_responsive":"","responsive_description":"","hide_desktop":"","hide_tablet":"","hide_mobile":"","section_custom_css":"","custom_css":"","custom_css_description":"","section_custom_css_pro":"","custom_css_pro":""},"elements":[],"widgetType":"text-editor"}],"isInner":true},{"id":"alhkljo","elType":"column","settings":{"_inline_size":null,"_column_size":50,"section_style":"","background_background":"","background_color":"","background_image":{"url":"","id":""},"background_position":"","background_attachment":"","background_repeat":"","background_size":"","background_video_link":"","background_video_fallback":{"url":"","id":""},"border_border":"","border_width":{"unit":"px","top":"","right":"","bottom":"","left":"","isLinked":true},"border_color":"","border_radius":{"unit":"px","top":"","right":"","bottom":"","left":"","isLinked":true},"box_shadow_box_shadow_type":"","box_shadow_box_shadow":{"horizontal":0,"vertical":0,"blur":10,"spread":0,"inset":"","color":"rgba(0,0,0,0.5)"},"section_typo":"","heading_color":"","color_text":"","color_link":"","color_link_hover":"","text_align":"","section_advanced":"","margin":{"unit":"px","top":"","right":"","bottom":"","left":"","isLinked":true},"margin_tablet":{"unit":"px","top":"","right":"","bottom":"","left":"","isLinked":true},"margin_mobile":{"unit":"px","top":"","right":"","bottom":"","left":"","isLinked":true},"padding":{"unit":"px","top":"0","right":"0","bottom":"0","left":"30","isLinked":false},"padding_tablet":{"unit":"px","top":"","right":"","bottom":"","left":"","isLinked":true},"padding_mobile":{"unit":"px","top":"0","right":"0","bottom":"0","left":"0","isLinked":true},"animation":"","animation_duration":"","css_classes":"","section_responsive":"","screen_sm":"default","screen_sm_width":"100","screen_xs":"default","screen_xs_width":"100","section_custom_css":"","custom_css":"","custom_css_description":"","section_custom_css_pro":"","custom_css_pro":"","section_background_overlay":"","background_overlay_background":"","background_overlay_color":"","background_overlay_image":{"url":"","id":""},"background_overlay_position":"","background_overlay_attachment":"","background_overlay_repeat":"","background_overlay_size":"","background_overlay_video_link":"","background_overlay_video_fallback":{"url":"","id":""},"background_overlay_opacity":{"unit":"px","size":0.5}},"elements":[{"id":"xmvvmlj","elType":"widget","settings":{"section_map":"","address":"2600 Flatbush Ave, Brooklyn, NY 11234","zoom":{"unit":"px","size":10},"height":{"unit":"px","size":"320"},"prevent_scroll":"yes","view":"traditional","_section_style":"","_margin":{"unit":"px","top":"","right":"","bottom":"","left":"","isLinked":true},"_margin_tablet":{"unit":"px","top":"","right":"","bottom":"","left":"","isLinked":true},"_margin_mobile":{"unit":"px","top":"","right":"","bottom":"","left":"","isLinked":true},"_padding":{"unit":"px","top":"","right":"","bottom":"","left":"","isLinked":true},"_padding_tablet":{"unit":"px","top":"","right":"","bottom":"","left":"","isLinked":true},"_padding_mobile":{"unit":"px","top":"","right":"","bottom":"","left":"","isLinked":true},"_animation":"","animation_duration":"","_css_classes":"","_section_background":"","_background_background":"","_background_color":"","_background_image":{"url":"","id":""},"_background_position":"","_background_attachment":"","_background_repeat":"","_background_size":"","_background_video_link":"","_background_video_fallback":{"url":"","id":""},"_border_border":"","_border_width":{"unit":"px","top":"","right":"","bottom":"","left":"","isLinked":true},"_border_color":"","_border_radius":{"unit":"px","top":"","right":"","bottom":"","left":"","isLinked":true},"_box_shadow_box_shadow_type":"","_box_shadow_box_shadow":{"horizontal":0,"vertical":0,"blur":10,"spread":0,"inset":"","color":"rgba(0,0,0,0.5)"},"_section_responsive":"","responsive_description":"","hide_desktop":"","hide_tablet":"","hide_mobile":"","section_custom_css":"","custom_css":"","custom_css_description":"","section_custom_css_pro":"","custom_css_pro":""},"elements":[],"widgetType":"google_maps"}],"isInner":true}],"isInner":true}],"isInner":false}],"isInner":false}],"page_settings":[]}