{"content":[{"id":"429f1b0b","elType":"section","settings":{"content_width":{"unit":"px","size":800},"gap":"no","height":"min-height","custom_height":{"unit":"vh","size":100},"content_position":"middle","background_background":"classic","background_color":"#ffffff","background_position":"center center","background_size":"cover","background_overlay_background":"classic","background_overlay_color":"#000000","background_overlay_opacity":{"unit":"px","size":0.13},"background_overlay_image":{"id":6232,"url":"https:\/\/library.elementor.com\/wp-content\/uploads\/2018\/03\/head2.jpg"},"background_overlay_position":"center center","background_overlay_size":"cover","padding_tablet":{"unit":"px","top":"50","right":"50","bottom":"50","left":"50","isLinked":true},"padding_mobile":{"unit":"px","top":"0","right":"30","bottom":"0","left":"30","isLinked":false},"custom_height_tablet":{"unit":"px","size":800},"custom_height_mobile":{"unit":"px","size":612}},"elements":[{"id":"5071161c","elType":"column","settings":{"_column_size":100},"elements":[{"id":"7f74325e","elType":"widget","settings":{"title":"How to properly wash your woolen knits","align":"center","title_color":"#000000","typography_typography":"custom","typography_font_size":{"unit":"px","size":65},"typography_font_weight":"900","typography_line_height":{"unit":"em","size":1.2},"typography_font_size_mobile":{"unit":"px","size":29},"typography_font_size_tablet":{"unit":"px","size":65},"typography_line_height_mobile":{"unit":"px","size":39}},"elements":[],"widgetType":"heading"},{"id":"6a3ebf1f","elType":"widget","settings":{"editor":"<p>I am text block. Click edit button to change this text. Lorem ipsum dolor sit amet, consectetur adipiscing elit. Ut elit tellus, luctus nec ullamcorper mattis, pulvinar dapibus leo.<\/p>","align":"center","text_color":"rgba(0,0,0,0.49)","typography_typography":"custom","typography_font_size":{"unit":"px","size":16},"typography_font_weight":"300","typography_line_height":{"unit":"em","size":2},"_padding":{"unit":"px","top":"20","right":"0","bottom":"10","left":"0","isLinked":false},"_padding_mobile":{"unit":"px","top":"15","right":"0","bottom":"15","left":"0","isLinked":false}},"elements":[],"widgetType":"text-editor"},{"id":"14b57bb4","elType":"widget","settings":{"form_name":"New Form","form_fields":[{"_id":"email","field_type":"email","required":"true","field_label":"Email","placeholder":"Your Email","width":"75","field_value":"","file_sizes":"","file_types":"","allow_multiple_upload":"","max_files":"","acceptance_text":"","checked_by_default":"","field_min":"","field_max":"","min_date":"","max_date":"","use_native_date":"","use_native_time":"","field_options":"","allow_multiple":"","select_size":"","inline_list":"","field_html":"","width_tablet":"","width_mobile":"","rows":4,"recaptcha_size":"normal","recaptcha_style":"light","css_classes":""}],"show_labels":"","button_text":"Subscribe","email_content":"[all-fields]","email_content_2":"[all-fields]","success_message":"The form was sent successfully!","error_message":"Please fill in the required fields.","required_field_message":"Required","invalid_message":"There's something wrong. The form is invalid.","column_gap":{"unit":"px","size":0},"row_gap":{"unit":"px","size":0},"field_text_color":"#000000","field_typography_typography":"custom","field_typography_font_size":{"unit":"px","size":14},"field_typography_font_weight":"600","field_background_color":"rgba(255,255,255,0)","field_border_color":"#000000","field_border_radius":{"unit":"px","top":"0","right":"0","bottom":"0","left":"0","isLinked":true},"button_text_color":"#ffffff","button_typography_typography":"custom","button_typography_font_size":{"unit":"px","size":14},"button_background_color":"#000000","button_border_radius":{"unit":"px","top":"0","right":"0","bottom":"0","left":"0","isLinked":true},"button_hover_border_color":"#00ce1b","input_size":"md","button_size":"md","button_width":"25","field_border_width":{"unit":"px","top":"1","right":"1","bottom":"1","left":"1","isLinked":true},"button_background_hover_color":"#00ce1b","_padding":{"unit":"%","top":"0","right":"15","bottom":"0","left":"15","isLinked":false},"_padding_mobile":{"unit":"px","top":"0","right":"0","bottom":"0","left":"0","isLinked":true}},"elements":[],"widgetType":"form"}],"isInner":false}],"isInner":false}],"page_settings":[]}