{"content":[{"id":"564d306b","elType":"section","settings":{"content_width":{"unit":"px","size":800},"gap":"no","height":"min-height","custom_height":{"unit":"vh","size":100},"content_position":"middle","background_background":"classic","background_color":"#0020b2","background_image":{"id":"4379","url":"https:\/\/library.elementor.com\/wp-content\/uploads\/2018\/02\/head4.jpg"},"background_position":"center center","background_size":"cover","background_overlay_background":"classic","background_overlay_color":"#000000","background_overlay_opacity":{"unit":"px","size":0.65},"custom_height_tablet":{"unit":"px","size":800},"custom_height_mobile":{"unit":"px","size":612},"padding_tablet":{"unit":"px","top":"0","right":"25","bottom":"0","left":"25","isLinked":false},"padding_mobile":{"unit":"px","top":"0","right":"20","bottom":"0","left":"20","isLinked":false}},"elements":[{"id":"63ab2eac","elType":"column","settings":{"_column_size":100},"elements":[{"id":"1f1a1e09","elType":"widget","settings":{"title":"Free 30 day trial","align":"center","title_color":"#ffffff","typography_typography":"custom","typography_font_size":{"unit":"px","size":65},"typography_font_weight":"900","typography_line_height":{"unit":"em","size":1.2},"typography_font_size_mobile":{"unit":"px","size":35}},"elements":[],"widgetType":"heading"},{"id":"1416d3f1","elType":"widget","settings":{"editor":"<p>I am text block. Click edit button to change this text. Lorem ipsum dolor sit amet, consectetur adipiscing elit. Ut elit tellus, luctus nec ullamcorper mattis, pulvinar dapibus leo.<\/p>","align":"center","text_color":"rgba(255,255,255,0.49)","typography_typography":"custom","typography_font_size":{"unit":"px","size":16},"typography_font_weight":"300","typography_line_height":{"unit":"em","size":2},"_padding":{"unit":"px","top":"20","right":"0","bottom":"0","left":"0","isLinked":false}},"elements":[],"widgetType":"text-editor"},{"id":"65640bd0","elType":"widget","settings":{"form_name":"New Form","form_fields":[{"_id":"name","field_type":"text","field_label":"Your Name","placeholder":"Your Name","width":"33","field_value":"","required":"","file_sizes":"","file_types":"","allow_multiple_upload":"","max_files":"","acceptance_text":"","checked_by_default":"","field_min":"","field_max":"","min_date":"","max_date":"","use_native_date":"","use_native_time":"","field_options":"","allow_multiple":"","select_size":"","inline_list":"","field_html":"","width_tablet":"","width_mobile":"","rows":4,"recaptcha_size":"normal","recaptcha_style":"light","css_classes":""},{"_id":"email","field_type":"email","required":"true","field_label":"E-mail","placeholder":"E-mail","width":"33","field_value":"","file_sizes":"","file_types":"","allow_multiple_upload":"","max_files":"","acceptance_text":"","checked_by_default":"","field_min":"","field_max":"","min_date":"","max_date":"","use_native_date":"","use_native_time":"","field_options":"","allow_multiple":"","select_size":"","inline_list":"","field_html":"","width_tablet":"","width_mobile":"","rows":4,"recaptcha_size":"normal","recaptcha_style":"light","css_classes":""}],"show_labels":"","button_text":"Start","button_width":"33","email_content":"[all-fields]","email_content_2":"[all-fields]","success_message":"The form was sent successfully!","error_message":"Please fill in the required fields.","required_field_message":"Required","invalid_message":"There's something wrong. The form is invalid.","column_gap":{"unit":"px","size":14},"row_gap":{"unit":"px","size":16},"field_text_color":"#ffffff","field_typography_typography":"custom","field_typography_font_size":{"unit":"px","size":14},"field_typography_font_weight":"600","field_background_color":"rgba(255,255,255,0)","field_border_color":"#ffffff","field_border_radius":{"unit":"px","top":"0","right":"0","bottom":"0","left":"0","isLinked":true},"button_text_color":"#000000","button_background_color":"#ffffff","button_border_radius":{"unit":"px","top":"0","right":"0","bottom":"0","left":"0","isLinked":true},"button_hover_color":"#ffffff","button_background_hover_color":"#00ce1b","button_hover_animation":"grow","_padding":{"unit":"px","top":"40","right":"0","bottom":"0","left":"0","isLinked":false},"_padding_mobile":{"unit":"px","top":"0","right":"0","bottom":"0","left":"0","isLinked":true}},"elements":[],"widgetType":"form"}],"isInner":false}],"isInner":false}],"page_settings":[]}