{"content":[{"id":"aywdric","elType":"section","settings":{"section_layout":"","stretch_section":"","layout":"boxed","content_width":{"unit":"px","size":""},"gap":"default","height":"full","custom_height":{"unit":"px","size":400},"column_position":"bottom","content_position":"bottom","structure":"10","section_background":"","background_background":"classic","background_color":"","background_image":{"id":628,"url":"https:\/\/library.elementor.com\/wp-content\/uploads\/2016\/12\/8.jpg"},"background_position":"top center","background_attachment":"","background_repeat":"","background_size":"cover","background_video_link":"","background_video_fallback":{"url":"","id":""},"background_overlay_section":"","background_overlay_background":"","background_overlay_color":"","background_overlay_image":{"url":"","id":""},"background_overlay_position":"","background_overlay_attachment":"","background_overlay_repeat":"","background_overlay_size":"","background_overlay_video_link":"","background_overlay_video_fallback":{"url":"","id":""},"background_overlay_opacity":{"unit":"px","size":0.5},"section_border":"","border_border":"","border_width":{"unit":"px","top":"","right":"","bottom":"","left":"","isLinked":true},"border_color":"","border_radius":{"unit":"px","top":"","right":"","bottom":"","left":"","isLinked":true},"box_shadow_box_shadow_type":"","box_shadow_box_shadow":{"horizontal":0,"vertical":0,"blur":10,"spread":0,"inset":"","color":"rgba(0,0,0,0.5)"},"section_typo":"","heading_color":"","color_text":"","color_link":"","color_link_hover":"","text_align":"","section_advanced":"","margin":{"unit":"px","top":"","right":"","bottom":"","left":"","isLinked":true},"margin_tablet":{"unit":"px","top":"","right":0,"bottom":"","left":0,"isLinked":true},"margin_mobile":{"unit":"px","top":"","right":"","bottom":"","left":"","isLinked":true},"padding":{"unit":"px","top":"0","right":"0","bottom":"60","left":"0","isLinked":false},"padding_tablet":{"unit":"%","top":"","right":"","bottom":"","left":"","isLinked":true},"padding_mobile":{"unit":"px","top":"250","right":"0","bottom":"30","left":"0","isLinked":false},"animation":"","animation_duration":"","css_classes":"","_section_responsive":"","reverse_order_mobile":"","heading_visibility":"","responsive_description":"","hide_desktop":"","hide_tablet":"","hide_mobile":"","section_custom_css":"","custom_css":"","custom_css_description":"","section_custom_css_pro":"","custom_css_pro":""},"elements":[{"id":"dmzdqco","elType":"column","settings":{"_inline_size":null,"_column_size":100,"section_style":"","background_background":"","background_color":"","background_image":{"url":"","id":""},"background_position":"","background_attachment":"","background_repeat":"","background_size":"","background_video_link":"","background_video_fallback":{"url":"","id":""},"border_border":"","border_width":{"unit":"px","top":"","right":"","bottom":"","left":"","isLinked":true},"border_color":"","border_radius":{"unit":"px","top":"","right":"","bottom":"","left":"","isLinked":true},"box_shadow_box_shadow_type":"","box_shadow_box_shadow":{"horizontal":0,"vertical":0,"blur":10,"spread":0,"inset":"","color":"rgba(0,0,0,0.5)"},"section_typo":"","heading_color":"","color_text":"","color_link":"","color_link_hover":"","text_align":"","section_advanced":"","margin":{"unit":"px","top":"","right":"","bottom":"","left":"","isLinked":true},"margin_tablet":{"unit":"px","top":"0","right":"0","bottom":"0","left":"0","isLinked":true},"margin_mobile":{"unit":"px","top":"","right":"","bottom":"","left":"","isLinked":true},"padding":{"unit":"px","top":"","right":"","bottom":"","left":"","isLinked":true},"padding_tablet":{"unit":"px","top":"0","right":"0","bottom":"0","left":"0","isLinked":true},"padding_mobile":{"unit":"px","top":"","right":"","bottom":"","left":"","isLinked":true},"animation":"","animation_duration":"","css_classes":"","section_responsive":"","screen_sm":"default","screen_sm_width":"100","screen_xs":"default","screen_xs_width":"100","section_custom_css":"","custom_css":"","custom_css_description":"","section_custom_css_pro":"","custom_css_pro":"","section_background_overlay":"","background_overlay_background":"","background_overlay_color":"","background_overlay_image":{"url":"","id":""},"background_overlay_position":"","background_overlay_attachment":"","background_overlay_repeat":"","background_overlay_size":"","background_overlay_video_link":"","background_overlay_video_fallback":{"url":"","id":""},"background_overlay_opacity":{"unit":"px","size":0.5}},"elements":[{"id":"eajxlgq","elType":"widget","settings":{"section_title":"","title":"It\u2019s time to role up your sleeves!","link":{"is_external":"","url":""},"size":"default","header_size":"h1","align":"center","align_tablet":"center","align_mobile":"","view":"traditional","section_title_style":"","title_color":"#ffffff","typography_typography":"custom","typography_font_size":{"unit":"px","size":"45"},"typography_font_size_tablet":{"unit":"px","size":"35"},"typography_font_size_mobile":{"unit":"px","size":"16"},"typography_font_family":"Playfair Display","typography_font_weight":"bold","typography_text_transform":"","typography_font_style":"","typography_line_height":{"unit":"em","size":""},"typography_line_height_tablet":{"unit":"em","size":""},"typography_line_height_mobile":{"unit":"em","size":""},"typography_letter_spacing":{"unit":"px","size":""},"typography_letter_spacing_tablet":{"unit":"px","size":""},"typography_letter_spacing_mobile":{"unit":"px","size":""},"_section_style":"","_margin":{"unit":"%","top":"0","right":"19","bottom":"0","left":"19","isLinked":false},"_margin_tablet":{"unit":"%","top":"0","right":"14","bottom":"0","left":"14","isLinked":false},"_margin_mobile":{"unit":"%","top":"0","right":"12","bottom":"0","left":"12","isLinked":false},"_padding":{"unit":"px","top":"10","right":"0","bottom":"12","left":"0","isLinked":false},"_padding_tablet":{"unit":"px","top":"","right":"","bottom":"","left":"","isLinked":true},"_padding_mobile":{"unit":"px","top":"10","right":"0","bottom":"10","left":"0","isLinked":false},"_animation":"","animation_duration":"","_css_classes":"","_section_background":"","_background_background":"classic","_background_color":"#000000","_background_image":{"url":"","id":""},"_background_position":"","_background_attachment":"","_background_repeat":"","_background_size":"","_background_video_link":"","_background_video_fallback":{"url":"","id":""},"_border_border":"","_border_width":{"unit":"px","top":"","right":"","bottom":"","left":"","isLinked":true},"_border_color":"","_border_radius":{"unit":"px","top":"","right":"","bottom":"","left":"","isLinked":true},"_box_shadow_box_shadow_type":"","_box_shadow_box_shadow":{"horizontal":0,"vertical":0,"blur":10,"spread":0,"inset":"","color":"rgba(0,0,0,0.5)"},"_section_responsive":"","responsive_description":"","hide_desktop":"","hide_tablet":"","hide_mobile":"","section_custom_css":"","custom_css":"","custom_css_description":"","section_custom_css_pro":"","custom_css_pro":""},"elements":[],"widgetType":"heading"},{"id":"hpepkkw","elType":"widget","settings":{"section_editor":"","editor":"<p><span style=\"color: #ff0091;\">SALE<\/span> season is here. Are you ready?<\/p>","section_style":"","align":"center","align_tablet":"center","align_mobile":"","text_color":"#ffffff","typography_typography":"custom","typography_font_size":{"unit":"px","size":"45"},"typography_font_size_tablet":{"unit":"px","size":"35"},"typography_font_size_mobile":{"unit":"px","size":"16"},"typography_font_family":"Playfair Display","typography_font_weight":"bold","typography_text_transform":"","typography_font_style":"","typography_line_height":{"unit":"em","size":""},"typography_line_height_tablet":{"unit":"em","size":""},"typography_line_height_mobile":{"unit":"em","size":""},"typography_letter_spacing":{"unit":"px","size":""},"typography_letter_spacing_tablet":{"unit":"px","size":""},"typography_letter_spacing_mobile":{"unit":"px","size":""},"_section_style":"","_margin":{"unit":"%","top":"-2","right":"15","bottom":"0","left":"15","isLinked":false},"_margin_tablet":{"unit":"%","top":"-3","right":"10","bottom":"0","left":"10","isLinked":false},"_margin_mobile":{"unit":"%","top":"-6","right":"8","bottom":"0","left":"8","isLinked":false},"_padding":{"unit":"px","top":"2","right":"0","bottom":"0","left":"0","isLinked":false},"_padding_tablet":{"unit":"px","top":"10","right":"10","bottom":"5","left":"10","isLinked":false},"_padding_mobile":{"unit":"px","top":"5","right":"0","bottom":"1","left":"0","isLinked":false},"_animation":"","animation_duration":"","_css_classes":"","_section_background":"","_background_background":"classic","_background_color":"#000000","_background_image":{"url":"","id":""},"_background_position":"","_background_attachment":"","_background_repeat":"","_background_size":"","_background_video_link":"","_background_video_fallback":{"url":"","id":""},"_border_border":"","_border_width":{"unit":"px","top":"","right":"","bottom":"","left":"","isLinked":true},"_border_color":"","_border_radius":{"unit":"px","top":"","right":"","bottom":"","left":"","isLinked":true},"_box_shadow_box_shadow_type":"","_box_shadow_box_shadow":{"horizontal":0,"vertical":0,"blur":10,"spread":0,"inset":"","color":"rgba(0,0,0,0.5)"},"_section_responsive":"","responsive_description":"","hide_desktop":"","hide_tablet":"","hide_mobile":"","section_custom_css":"","custom_css":"","custom_css_description":"","section_custom_css_pro":"","custom_css_pro":""},"elements":[],"widgetType":"text-editor"},{"id":"xbtdguv","elType":"widget","settings":{"section_button":"","button_type":"","text":"Shop the hottest sales!","link":{"is_external":"","url":"#"},"align":"center","align_tablet":"","align_mobile":"","size":"md","icon":"","icon_align":"left","icon_indent":{"unit":"px","size":""},"view":"traditional","section_style":"","button_text_color":"","typography_typography":"custom","typography_font_size":{"unit":"px","size":"18"},"typography_font_size_tablet":{"unit":"px","size":""},"typography_font_size_mobile":{"unit":"px","size":"11"},"typography_font_family":"Roboto Condensed","typography_font_weight":"","typography_text_transform":"uppercase","typography_font_style":"","typography_line_height":{"unit":"em","size":""},"typography_line_height_tablet":{"unit":"em","size":""},"typography_line_height_mobile":{"unit":"em","size":""},"typography_letter_spacing":{"unit":"px","size":"1"},"typography_letter_spacing_tablet":{"unit":"px","size":""},"typography_letter_spacing_mobile":{"unit":"px","size":""},"background_color":"#ff0091","border_border":"solid","border_width":{"unit":"px","top":"3","right":"3","bottom":"3","left":"3","isLinked":true},"border_color":"#ff0091","border_radius":{"unit":"px","top":"0","right":"0","bottom":"0","left":"0","isLinked":true},"text_padding":{"unit":"px","top":"20","right":"40","bottom":"20","left":"40","isLinked":false},"section_hover":"","hover_color":"#ff0091","button_background_hover_color":"#ffffff","button_hover_border_color":"","hover_animation":"","_section_style":"","_margin":{"unit":"px","top":"","right":"","bottom":"","left":"","isLinked":true},"_margin_tablet":{"unit":"px","top":"","right":"","bottom":"","left":"","isLinked":true},"_margin_mobile":{"unit":"px","top":"","right":"","bottom":"","left":"","isLinked":true},"_padding":{"unit":"px","top":"","right":"","bottom":"","left":"","isLinked":true},"_padding_tablet":{"unit":"px","top":"","right":"","bottom":"","left":"","isLinked":true},"_padding_mobile":{"unit":"px","top":"","right":"","bottom":"","left":"","isLinked":true},"_animation":"","animation_duration":"","_css_classes":"","_section_background":"","_background_background":"","_background_color":"","_background_image":{"url":"","id":""},"_background_position":"","_background_attachment":"","_background_repeat":"","_background_size":"","_background_video_link":"","_background_video_fallback":{"url":"","id":""},"_border_border":"","_border_width":{"unit":"px","top":"","right":"","bottom":"","left":"","isLinked":true},"_border_color":"","_border_radius":{"unit":"px","top":"","right":"","bottom":"","left":"","isLinked":true},"_box_shadow_box_shadow_type":"","_box_shadow_box_shadow":{"horizontal":0,"vertical":0,"blur":10,"spread":0,"inset":"","color":"rgba(0,0,0,0.5)"},"_section_responsive":"","responsive_description":"","hide_desktop":"","hide_tablet":"","hide_mobile":"","section_custom_css":"","custom_css":"","custom_css_description":"","section_custom_css_pro":"","custom_css_pro":""},"elements":[],"widgetType":"button"}],"isInner":false}],"isInner":false},{"id":"kalidni","elType":"section","settings":{"section_layout":"","stretch_section":"","layout":"boxed","content_width":{"unit":"px","size":""},"gap":"default","height":"default","custom_height":{"unit":"px","size":400},"column_position":"middle","content_position":"","structure":"10","section_background":"","background_background":"","background_color":"","background_image":{"url":"","id":""},"background_position":"","background_attachment":"","background_repeat":"","background_size":"","background_video_link":"","background_video_fallback":{"url":"","id":""},"background_overlay_section":"","background_overlay_background":"","background_overlay_color":"","background_overlay_image":{"url":"","id":""},"background_overlay_position":"","background_overlay_attachment":"","background_overlay_repeat":"","background_overlay_size":"","background_overlay_video_link":"","background_overlay_video_fallback":{"url":"","id":""},"background_overlay_opacity":{"unit":"px","size":0.5},"section_border":"","border_border":"","border_width":{"unit":"px","top":"","right":"","bottom":"","left":"","isLinked":true},"border_color":"","border_radius":{"unit":"px","top":"","right":"","bottom":"","left":"","isLinked":true},"box_shadow_box_shadow_type":"","box_shadow_box_shadow":{"horizontal":0,"vertical":0,"blur":10,"spread":0,"inset":"","color":"rgba(0,0,0,0.5)"},"section_typo":"","heading_color":"","color_text":"","color_link":"","color_link_hover":"","text_align":"","section_advanced":"","margin":{"unit":"px","top":"","right":0,"bottom":"","left":0,"isLinked":true},"margin_tablet":{"unit":"px","top":"","right":"","bottom":"","left":"","isLinked":true},"margin_mobile":{"unit":"px","top":"","right":"","bottom":"","left":"","isLinked":true},"padding":{"unit":"px","top":"100","right":"0","bottom":"100","left":"0","isLinked":false},"padding_tablet":{"unit":"px","top":"60","right":"20","bottom":"60","left":"20","isLinked":false},"padding_mobile":{"unit":"px","top":"","right":"","bottom":"","left":"","isLinked":true},"animation":"","animation_duration":"","css_classes":"","_section_responsive":"","reverse_order_mobile":"","heading_visibility":"","responsive_description":"","hide_desktop":"","hide_tablet":"","hide_mobile":"","section_custom_css":"","custom_css":"","custom_css_description":"","section_custom_css_pro":"","custom_css_pro":""},"elements":[{"id":"jaoklwz","elType":"column","settings":{"_inline_size":"","_column_size":100,"section_style":"","background_background":"","background_color":"","background_image":{"url":"","id":""},"background_position":"","background_attachment":"","background_repeat":"","background_size":"","background_video_link":"","background_video_fallback":{"url":"","id":""},"border_border":"","border_width":{"unit":"px","top":"","right":"","bottom":"","left":"","isLinked":true},"border_color":"","border_radius":{"unit":"px","top":"","right":"","bottom":"","left":"","isLinked":true},"box_shadow_box_shadow_type":"","box_shadow_box_shadow":{"horizontal":0,"vertical":0,"blur":10,"spread":0,"inset":"","color":"rgba(0,0,0,0.5)"},"section_typo":"","heading_color":"","color_text":"","color_link":"","color_link_hover":"","text_align":"","section_advanced":"","margin":{"unit":"px","top":"","right":"","bottom":"","left":"","isLinked":true},"margin_tablet":{"unit":"px","top":"","right":"","bottom":"","left":"","isLinked":true},"margin_mobile":{"unit":"px","top":"","right":"","bottom":"","left":"","isLinked":true},"padding":{"unit":"px","top":"","right":"","bottom":"","left":"","isLinked":true},"padding_tablet":{"unit":"px","top":"","right":"","bottom":"","left":"","isLinked":true},"padding_mobile":{"unit":"px","top":"","right":"","bottom":"","left":"","isLinked":true},"animation":"","animation_duration":"","css_classes":"","section_responsive":"","screen_sm":"default","screen_sm_width":"100","screen_xs":"default","screen_xs_width":"100","section_custom_css":"","custom_css":"","custom_css_description":"","section_custom_css_pro":"","custom_css_pro":"","section_background_overlay":"","background_overlay_background":"","background_overlay_color":"","background_overlay_image":{"url":"","id":""},"background_overlay_position":"","background_overlay_attachment":"","background_overlay_repeat":"","background_overlay_size":"","background_overlay_video_link":"","background_overlay_video_fallback":{"url":"","id":""},"background_overlay_opacity":{"unit":"px","size":0.5}},"elements":[{"id":"qxtcbkc","elType":"widget","settings":{"section_title":"","title":"your favorite brands are now on sale","link":{"is_external":"","url":""},"size":"default","header_size":"h2","align":"center","align_tablet":"","align_mobile":"","view":"traditional","section_title_style":"","title_color":"#ff0091","typography_typography":"custom","typography_font_size":{"unit":"px","size":"25"},"typography_font_size_tablet":{"unit":"px","size":""},"typography_font_size_mobile":{"unit":"px","size":"23"},"typography_font_family":"Playfair Display","typography_font_weight":"bold","typography_text_transform":"uppercase","typography_font_style":"","typography_line_height":{"unit":"em","size":""},"typography_line_height_tablet":{"unit":"em","size":""},"typography_line_height_mobile":{"unit":"em","size":1.4},"typography_letter_spacing":{"unit":"px","size":""},"typography_letter_spacing_tablet":{"unit":"px","size":""},"typography_letter_spacing_mobile":{"unit":"px","size":""},"_section_style":"","_margin":{"unit":"px","top":"","right":"","bottom":"","left":"","isLinked":true},"_margin_tablet":{"unit":"px","top":"","right":"","bottom":"","left":"","isLinked":true},"_margin_mobile":{"unit":"px","top":"","right":"","bottom":"","left":"","isLinked":true},"_padding":{"unit":"px","top":"0","right":"0","bottom":"80","left":"0","isLinked":false},"_padding_tablet":{"unit":"%","top":"0","right":"0","bottom":"5","left":"0","isLinked":false},"_padding_mobile":{"unit":"px","top":"","right":"","bottom":"","left":"","isLinked":true},"_animation":"","animation_duration":"","_css_classes":"","_section_background":"","_background_background":"","_background_color":"","_background_image":{"url":"","id":""},"_background_position":"","_background_attachment":"","_background_repeat":"","_background_size":"","_background_video_link":"","_background_video_fallback":{"url":"","id":""},"_border_border":"","_border_width":{"unit":"px","top":"","right":"","bottom":"","left":"","isLinked":true},"_border_color":"","_border_radius":{"unit":"px","top":"","right":"","bottom":"","left":"","isLinked":true},"_box_shadow_box_shadow_type":"","_box_shadow_box_shadow":{"horizontal":0,"vertical":0,"blur":10,"spread":0,"inset":"","color":"rgba(0,0,0,0.5)"},"_section_responsive":"","responsive_description":"","hide_desktop":"","hide_tablet":"","hide_mobile":"","section_custom_css":"","custom_css":"","custom_css_description":"","section_custom_css_pro":"","custom_css_pro":""},"elements":[],"widgetType":"heading"},{"id":"onixxfp","elType":"section","settings":{"section_layout":"","layout":"boxed","content_width":{"unit":"px","size":""},"gap":"default","height_inner":"default","custom_height_inner":{"unit":"px","size":400},"column_position":"middle","content_position":"","structure":"40","section_background":"","background_background":"","background_color":"","background_image":{"url":"","id":""},"background_position":"","background_attachment":"","background_repeat":"","background_size":"","background_video_link":"","background_video_fallback":{"url":"","id":""},"background_overlay_section":"","background_overlay_background":"","background_overlay_color":"","background_overlay_image":{"url":"","id":""},"background_overlay_position":"","background_overlay_attachment":"","background_overlay_repeat":"","background_overlay_size":"","background_overlay_video_link":"","background_overlay_video_fallback":{"url":"","id":""},"background_overlay_opacity":{"unit":"px","size":0.5},"section_border":"","border_border":"","border_width":{"unit":"px","top":"","right":"","bottom":"","left":"","isLinked":true},"border_color":"","border_radius":{"unit":"px","top":"","right":"","bottom":"","left":"","isLinked":true},"box_shadow_box_shadow_type":"","box_shadow_box_shadow":{"horizontal":0,"vertical":0,"blur":10,"spread":0,"inset":"","color":"rgba(0,0,0,0.5)"},"section_typo":"","heading_color":"","color_text":"","color_link":"","color_link_hover":"","text_align":"","section_advanced":"","margin":{"unit":"px","top":"","right":"","bottom":"","left":"","isLinked":true},"margin_tablet":{"unit":"px","top":"","right":"","bottom":"","left":"","isLinked":true},"margin_mobile":{"unit":"px","top":"","right":"","bottom":"","left":"","isLinked":true},"padding":{"unit":"px","top":"0","right":"0","bottom":"80","left":"0","isLinked":false},"padding_tablet":{"unit":"%","top":"0","right":"0","bottom":"7","left":"0","isLinked":false},"padding_mobile":{"unit":"px","top":"","right":"","bottom":"","left":"","isLinked":true},"animation":"","animation_duration":"","css_classes":"","_section_responsive":"","reverse_order_mobile":"","heading_visibility":"","responsive_description":"","hide_desktop":"","hide_tablet":"","hide_mobile":"","section_custom_css":"","custom_css":"","custom_css_description":"","section_custom_css_pro":"","custom_css_pro":""},"elements":[{"id":"ekwlntm","elType":"column","settings":{"_inline_size":null,"_column_size":25,"section_style":"","background_background":"","background_color":"","background_image":{"url":"","id":""},"background_position":"","background_attachment":"","background_repeat":"","background_size":"","background_video_link":"","background_video_fallback":{"url":"","id":""},"border_border":"","border_width":{"unit":"px","top":"","right":"","bottom":"","left":"","isLinked":true},"border_color":"","border_radius":{"unit":"px","top":"","right":"","bottom":"","left":"","isLinked":true},"box_shadow_box_shadow_type":"","box_shadow_box_shadow":{"horizontal":0,"vertical":0,"blur":10,"spread":0,"inset":"","color":"rgba(0,0,0,0.5)"},"section_typo":"","heading_color":"","color_text":"","color_link":"","color_link_hover":"","text_align":"","section_advanced":"","margin":{"unit":"px","top":"","right":"","bottom":"","left":"","isLinked":true},"margin_tablet":{"unit":"px","top":"","right":"","bottom":"","left":"","isLinked":true},"margin_mobile":{"unit":"px","top":"","right":"","bottom":"","left":"","isLinked":true},"padding":{"unit":"px","top":"","right":"","bottom":"","left":"","isLinked":true},"padding_tablet":{"unit":"px","top":"","right":"","bottom":"","left":"","isLinked":true},"padding_mobile":{"unit":"px","top":"","right":"","bottom":"","left":"","isLinked":true},"animation":"","animation_duration":"","css_classes":"","section_responsive":"","screen_sm":"default","screen_sm_width":"100","screen_xs":"default","screen_xs_width":"100","section_custom_css":"","custom_css":"","custom_css_description":"","section_custom_css_pro":"","custom_css_pro":"","section_background_overlay":"","background_overlay_background":"","background_overlay_color":"","background_overlay_image":{"url":"","id":""},"background_overlay_position":"","background_overlay_attachment":"","background_overlay_repeat":"","background_overlay_size":"","background_overlay_video_link":"","background_overlay_video_fallback":{"url":"","id":""},"background_overlay_opacity":{"unit":"px","size":0.5}},"elements":[{"id":"mkaaxos","elType":"widget","settings":{"section_image":"","image":{"id":629,"url":"https:\/\/library.elementor.com\/wp-content\/uploads\/2016\/12\/12.jpg"},"image_size":"large","image_custom_dimension":{"width":"","height":""},"align":"center","align_tablet":"center","align_mobile":"center","caption":"","link_to":"none","link":{"is_external":"","url":""},"view":"traditional","section_style_image":"","space":{"unit":"%","size":100},"opacity":{"unit":"px","size":1},"hover_animation":"","image_border_border":"","image_border_width":{"unit":"px","top":"","right":"","bottom":"","left":"","isLinked":true},"image_border_color":"","image_border_radius":{"unit":"px","top":"","right":"","bottom":"","left":"","isLinked":true},"image_box_shadow_box_shadow_type":"","image_box_shadow_box_shadow":{"horizontal":0,"vertical":0,"blur":10,"spread":0,"inset":"","color":"rgba(0,0,0,0.5)"},"section_style_caption":"","caption_align":"","text_color":"","caption_typography_typography":"","caption_typography_font_size":{"unit":"px","size":""},"caption_typography_font_size_tablet":{"unit":"px","size":""},"caption_typography_font_size_mobile":{"unit":"px","size":""},"caption_typography_font_family":"","caption_typography_font_weight":"","caption_typography_text_transform":"","caption_typography_font_style":"","caption_typography_line_height":{"unit":"em","size":""},"caption_typography_line_height_tablet":{"unit":"em","size":""},"caption_typography_line_height_mobile":{"unit":"em","size":""},"caption_typography_letter_spacing":{"unit":"px","size":""},"caption_typography_letter_spacing_tablet":{"unit":"px","size":""},"caption_typography_letter_spacing_mobile":{"unit":"px","size":""},"_section_style":"","_margin":{"unit":"px","top":"","right":"","bottom":"","left":"","isLinked":true},"_margin_tablet":{"unit":"px","top":"","right":"","bottom":"","left":"","isLinked":true},"_margin_mobile":{"unit":"px","top":"","right":"","bottom":"","left":"","isLinked":true},"_padding":{"unit":"px","top":"","right":"","bottom":"","left":"","isLinked":true},"_padding_tablet":{"unit":"px","top":"","right":"","bottom":"","left":"","isLinked":true},"_padding_mobile":{"unit":"px","top":"","right":"","bottom":"","left":"","isLinked":true},"_animation":"","animation_duration":"","_css_classes":"","_section_background":"","_background_background":"","_background_color":"","_background_image":{"url":"","id":""},"_background_position":"","_background_attachment":"","_background_repeat":"","_background_size":"","_background_video_link":"","_background_video_fallback":{"url":"","id":""},"_border_border":"","_border_width":{"unit":"px","top":"","right":"","bottom":"","left":"","isLinked":true},"_border_color":"","_border_radius":{"unit":"px","top":"","right":"","bottom":"","left":"","isLinked":true},"_box_shadow_box_shadow_type":"","_box_shadow_box_shadow":{"horizontal":0,"vertical":0,"blur":10,"spread":0,"inset":"","color":"rgba(0,0,0,0.5)"},"_section_responsive":"","responsive_description":"","hide_desktop":"","hide_tablet":"","hide_mobile":"","section_custom_css":"","custom_css":"","custom_css_description":"","section_custom_css_pro":"","custom_css_pro":""},"elements":[],"widgetType":"image"},{"id":"zinrlqv","elType":"widget","settings":{"section_title":"","title":"Littele Lorena","link":{"is_external":"","url":""},"size":"default","header_size":"h4","align":"center","align_tablet":"","align_mobile":"","view":"traditional","section_title_style":"","title_color":"#bcbcbc","typography_typography":"custom","typography_font_size":{"unit":"px","size":"14"},"typography_font_size_tablet":{"unit":"px","size":""},"typography_font_size_mobile":{"unit":"px","size":""},"typography_font_family":"Roboto Condensed","typography_font_weight":"","typography_text_transform":"","typography_font_style":"","typography_line_height":{"unit":"em","size":""},"typography_line_height_tablet":{"unit":"em","size":""},"typography_line_height_mobile":{"unit":"em","size":""},"typography_letter_spacing":{"unit":"px","size":""},"typography_letter_spacing_tablet":{"unit":"px","size":""},"typography_letter_spacing_mobile":{"unit":"px","size":""},"_section_style":"","_margin":{"unit":"px","top":"","right":"","bottom":"","left":"","isLinked":true},"_margin_tablet":{"unit":"px","top":"","right":"","bottom":"","left":"","isLinked":true},"_margin_mobile":{"unit":"px","top":"","right":"","bottom":"","left":"","isLinked":true},"_padding":{"unit":"px","top":"","right":"","bottom":"","left":"","isLinked":true},"_padding_tablet":{"unit":"px","top":"","right":"","bottom":"","left":"","isLinked":true},"_padding_mobile":{"unit":"px","top":"","right":"","bottom":"","left":"","isLinked":true},"_animation":"","animation_duration":"","_css_classes":"","_section_background":"","_background_background":"","_background_color":"","_background_image":{"url":"","id":""},"_background_position":"","_background_attachment":"","_background_repeat":"","_background_size":"","_background_video_link":"","_background_video_fallback":{"url":"","id":""},"_border_border":"","_border_width":{"unit":"px","top":"","right":"","bottom":"","left":"","isLinked":true},"_border_color":"","_border_radius":{"unit":"px","top":"","right":"","bottom":"","left":"","isLinked":true},"_box_shadow_box_shadow_type":"","_box_shadow_box_shadow":{"horizontal":0,"vertical":0,"blur":10,"spread":0,"inset":"","color":"rgba(0,0,0,0.5)"},"_section_responsive":"","responsive_description":"","hide_desktop":"","hide_tablet":"","hide_mobile":"","section_custom_css":"","custom_css":"","custom_css_description":"","section_custom_css_pro":"","custom_css_pro":""},"elements":[],"widgetType":"heading"},{"id":"ojjdygk","elType":"widget","settings":{"section_title":"","title":"up to 50% off","link":{"is_external":"","url":""},"size":"default","header_size":"h3","align":"center","align_tablet":"","align_mobile":"","view":"traditional","section_title_style":"","title_color":"#000000","typography_typography":"custom","typography_font_size":{"unit":"px","size":"22"},"typography_font_size_tablet":{"unit":"px","size":"18"},"typography_font_size_mobile":{"unit":"px","size":"20"},"typography_font_family":"Playfair Display","typography_font_weight":"bold","typography_text_transform":"uppercase","typography_font_style":"","typography_line_height":{"unit":"em","size":""},"typography_line_height_tablet":{"unit":"em","size":""},"typography_line_height_mobile":{"unit":"em","size":""},"typography_letter_spacing":{"unit":"px","size":""},"typography_letter_spacing_tablet":{"unit":"px","size":""},"typography_letter_spacing_mobile":{"unit":"px","size":""},"_section_style":"","_margin":{"unit":"px","top":"","right":"","bottom":"","left":"","isLinked":true},"_margin_tablet":{"unit":"%","top":"-5","right":"0","bottom":"0","left":"0","isLinked":false},"_margin_mobile":{"unit":"%","top":"","right":"","bottom":"","left":"","isLinked":false},"_padding":{"unit":"px","top":"","right":"","bottom":"","left":"","isLinked":true},"_padding_tablet":{"unit":"px","top":"","right":"","bottom":"","left":"","isLinked":true},"_padding_mobile":{"unit":"px","top":"","right":"","bottom":"","left":"","isLinked":true},"_animation":"","animation_duration":"","_css_classes":"","_section_background":"","_background_background":"","_background_color":"","_background_image":{"url":"","id":""},"_background_position":"","_background_attachment":"","_background_repeat":"","_background_size":"","_background_video_link":"","_background_video_fallback":{"url":"","id":""},"_border_border":"","_border_width":{"unit":"px","top":"","right":"","bottom":"","left":"","isLinked":true},"_border_color":"","_border_radius":{"unit":"px","top":"","right":"","bottom":"","left":"","isLinked":true},"_box_shadow_box_shadow_type":"","_box_shadow_box_shadow":{"horizontal":0,"vertical":0,"blur":10,"spread":0,"inset":"","color":"rgba(0,0,0,0.5)"},"_section_responsive":"","responsive_description":"","hide_desktop":"","hide_tablet":"","hide_mobile":"","section_custom_css":"","custom_css":"","custom_css_description":"","section_custom_css_pro":"","custom_css_pro":""},"elements":[],"widgetType":"heading"}],"isInner":true},{"id":"fuccixp","elType":"column","settings":{"_inline_size":null,"_column_size":25,"section_style":"","background_background":"","background_color":"","background_image":{"url":"","id":""},"background_position":"","background_attachment":"","background_repeat":"","background_size":"","background_video_link":"","background_video_fallback":{"url":"","id":""},"border_border":"","border_width":{"unit":"px","top":"","right":"","bottom":"","left":"","isLinked":true},"border_color":"","border_radius":{"unit":"px","top":"","right":"","bottom":"","left":"","isLinked":true},"box_shadow_box_shadow_type":"","box_shadow_box_shadow":{"horizontal":0,"vertical":0,"blur":10,"spread":0,"inset":"","color":"rgba(0,0,0,0.5)"},"section_typo":"","heading_color":"","color_text":"","color_link":"","color_link_hover":"","text_align":"","section_advanced":"","margin":{"unit":"px","top":"","right":"","bottom":"","left":"","isLinked":true},"margin_tablet":{"unit":"px","top":"","right":"","bottom":"","left":"","isLinked":true},"margin_mobile":{"unit":"px","top":"","right":"","bottom":"","left":"","isLinked":true},"padding":{"unit":"px","top":"","right":"","bottom":"","left":"","isLinked":true},"padding_tablet":{"unit":"px","top":"","right":"","bottom":"","left":"","isLinked":true},"padding_mobile":{"unit":"px","top":"","right":"","bottom":"","left":"","isLinked":true},"animation":"","animation_duration":"","css_classes":"","section_responsive":"","screen_sm":"default","screen_sm_width":"100","screen_xs":"default","screen_xs_width":"100","section_custom_css":"","custom_css":"","custom_css_description":"","section_custom_css_pro":"","custom_css_pro":"","section_background_overlay":"","background_overlay_background":"","background_overlay_color":"","background_overlay_image":{"url":"","id":""},"background_overlay_position":"","background_overlay_attachment":"","background_overlay_repeat":"","background_overlay_size":"","background_overlay_video_link":"","background_overlay_video_fallback":{"url":"","id":""},"background_overlay_opacity":{"unit":"px","size":0.5}},"elements":[{"id":"ytnynmm","elType":"widget","settings":{"section_image":"","image":{"id":630,"url":"https:\/\/library.elementor.com\/wp-content\/uploads\/2016\/12\/11.jpg"},"image_size":"large","image_custom_dimension":{"width":"","height":""},"align":"center","align_tablet":"center","align_mobile":"center","caption":"","link_to":"none","link":{"is_external":"","url":""},"view":"traditional","section_style_image":"","space":{"unit":"%","size":100},"opacity":{"unit":"px","size":1},"hover_animation":"","image_border_border":"","image_border_width":{"unit":"px","top":"","right":"","bottom":"","left":"","isLinked":true},"image_border_color":"","image_border_radius":{"unit":"px","top":"","right":"","bottom":"","left":"","isLinked":true},"image_box_shadow_box_shadow_type":"","image_box_shadow_box_shadow":{"horizontal":0,"vertical":0,"blur":10,"spread":0,"inset":"","color":"rgba(0,0,0,0.5)"},"section_style_caption":"","caption_align":"","text_color":"","caption_typography_typography":"","caption_typography_font_size":{"unit":"px","size":""},"caption_typography_font_size_tablet":{"unit":"px","size":""},"caption_typography_font_size_mobile":{"unit":"px","size":""},"caption_typography_font_family":"","caption_typography_font_weight":"","caption_typography_text_transform":"","caption_typography_font_style":"","caption_typography_line_height":{"unit":"em","size":""},"caption_typography_line_height_tablet":{"unit":"em","size":""},"caption_typography_line_height_mobile":{"unit":"em","size":""},"caption_typography_letter_spacing":{"unit":"px","size":""},"caption_typography_letter_spacing_tablet":{"unit":"px","size":""},"caption_typography_letter_spacing_mobile":{"unit":"px","size":""},"_section_style":"","_margin":{"unit":"px","top":"","right":"","bottom":"","left":"","isLinked":true},"_margin_tablet":{"unit":"px","top":"","right":"","bottom":"","left":"","isLinked":true},"_margin_mobile":{"unit":"px","top":"","right":"","bottom":"","left":"","isLinked":true},"_padding":{"unit":"px","top":"","right":"","bottom":"","left":"","isLinked":true},"_padding_tablet":{"unit":"px","top":"","right":"","bottom":"","left":"","isLinked":true},"_padding_mobile":{"unit":"px","top":"","right":"","bottom":"","left":"","isLinked":true},"_animation":"","animation_duration":"","_css_classes":"","_section_background":"","_background_background":"","_background_color":"","_background_image":{"url":"","id":""},"_background_position":"","_background_attachment":"","_background_repeat":"","_background_size":"","_background_video_link":"","_background_video_fallback":{"url":"","id":""},"_border_border":"","_border_width":{"unit":"px","top":"","right":"","bottom":"","left":"","isLinked":true},"_border_color":"","_border_radius":{"unit":"px","top":"","right":"","bottom":"","left":"","isLinked":true},"_box_shadow_box_shadow_type":"","_box_shadow_box_shadow":{"horizontal":0,"vertical":0,"blur":10,"spread":0,"inset":"","color":"rgba(0,0,0,0.5)"},"_section_responsive":"","responsive_description":"","hide_desktop":"","hide_tablet":"","hide_mobile":"","section_custom_css":"","custom_css":"","custom_css_description":"","section_custom_css_pro":"","custom_css_pro":""},"elements":[],"widgetType":"image"},{"id":"tlpzxsj","elType":"widget","settings":{"section_title":"","title":"Sharona","link":{"is_external":"","url":""},"size":"default","header_size":"h4","align":"center","align_tablet":"","align_mobile":"","view":"traditional","section_title_style":"","title_color":"#bcbcbc","typography_typography":"custom","typography_font_size":{"unit":"px","size":"14"},"typography_font_size_tablet":{"unit":"px","size":""},"typography_font_size_mobile":{"unit":"px","size":""},"typography_font_family":"Roboto Condensed","typography_font_weight":"","typography_text_transform":"","typography_font_style":"","typography_line_height":{"unit":"em","size":""},"typography_line_height_tablet":{"unit":"em","size":""},"typography_line_height_mobile":{"unit":"em","size":""},"typography_letter_spacing":{"unit":"px","size":""},"typography_letter_spacing_tablet":{"unit":"px","size":""},"typography_letter_spacing_mobile":{"unit":"px","size":""},"_section_style":"","_margin":{"unit":"px","top":"","right":"","bottom":"","left":"","isLinked":true},"_margin_tablet":{"unit":"px","top":"","right":"","bottom":"","left":"","isLinked":true},"_margin_mobile":{"unit":"px","top":"","right":"","bottom":"","left":"","isLinked":true},"_padding":{"unit":"px","top":"","right":"","bottom":"","left":"","isLinked":true},"_padding_tablet":{"unit":"px","top":"","right":"","bottom":"","left":"","isLinked":true},"_padding_mobile":{"unit":"px","top":"","right":"","bottom":"","left":"","isLinked":true},"_animation":"","animation_duration":"","_css_classes":"","_section_background":"","_background_background":"","_background_color":"","_background_image":{"url":"","id":""},"_background_position":"","_background_attachment":"","_background_repeat":"","_background_size":"","_background_video_link":"","_background_video_fallback":{"url":"","id":""},"_border_border":"","_border_width":{"unit":"px","top":"","right":"","bottom":"","left":"","isLinked":true},"_border_color":"","_border_radius":{"unit":"px","top":"","right":"","bottom":"","left":"","isLinked":true},"_box_shadow_box_shadow_type":"","_box_shadow_box_shadow":{"horizontal":0,"vertical":0,"blur":10,"spread":0,"inset":"","color":"rgba(0,0,0,0.5)"},"_section_responsive":"","responsive_description":"","hide_desktop":"","hide_tablet":"","hide_mobile":"","section_custom_css":"","custom_css":"","custom_css_description":"","section_custom_css_pro":"","custom_css_pro":""},"elements":[],"widgetType":"heading"},{"id":"xrxpqwf","elType":"widget","settings":{"section_title":"","title":"up to 30% off","link":{"is_external":"","url":""},"size":"default","header_size":"h3","align":"center","align_tablet":"","align_mobile":"","view":"traditional","section_title_style":"","title_color":"#000000","typography_typography":"custom","typography_font_size":{"unit":"px","size":"22"},"typography_font_size_tablet":{"unit":"px","size":"18"},"typography_font_size_mobile":{"unit":"px","size":""},"typography_font_family":"Playfair Display","typography_font_weight":"bold","typography_text_transform":"uppercase","typography_font_style":"","typography_line_height":{"unit":"em","size":""},"typography_line_height_tablet":{"unit":"em","size":""},"typography_line_height_mobile":{"unit":"em","size":""},"typography_letter_spacing":{"unit":"px","size":""},"typography_letter_spacing_tablet":{"unit":"px","size":""},"typography_letter_spacing_mobile":{"unit":"px","size":""},"_section_style":"","_margin":{"unit":"px","top":"","right":"","bottom":"","left":"","isLinked":true},"_margin_tablet":{"unit":"%","top":"-5","right":"0","bottom":"0","left":"0","isLinked":false},"_margin_mobile":{"unit":"px","top":"","right":"","bottom":"","left":"","isLinked":true},"_padding":{"unit":"px","top":"","right":"","bottom":"","left":"","isLinked":true},"_padding_tablet":{"unit":"px","top":"","right":"","bottom":"","left":"","isLinked":true},"_padding_mobile":{"unit":"px","top":"","right":"","bottom":"","left":"","isLinked":true},"_animation":"","animation_duration":"","_css_classes":"","_section_background":"","_background_background":"","_background_color":"","_background_image":{"url":"","id":""},"_background_position":"","_background_attachment":"","_background_repeat":"","_background_size":"","_background_video_link":"","_background_video_fallback":{"url":"","id":""},"_border_border":"","_border_width":{"unit":"px","top":"","right":"","bottom":"","left":"","isLinked":true},"_border_color":"","_border_radius":{"unit":"px","top":"","right":"","bottom":"","left":"","isLinked":true},"_box_shadow_box_shadow_type":"","_box_shadow_box_shadow":{"horizontal":0,"vertical":0,"blur":10,"spread":0,"inset":"","color":"rgba(0,0,0,0.5)"},"_section_responsive":"","responsive_description":"","hide_desktop":"","hide_tablet":"","hide_mobile":"","section_custom_css":"","custom_css":"","custom_css_description":"","section_custom_css_pro":"","custom_css_pro":""},"elements":[],"widgetType":"heading"}],"isInner":true},{"id":"dirhwmd","elType":"column","settings":{"_inline_size":null,"_column_size":25,"section_style":"","background_background":"","background_color":"","background_image":{"url":"","id":""},"background_position":"","background_attachment":"","background_repeat":"","background_size":"","background_video_link":"","background_video_fallback":{"url":"","id":""},"border_border":"","border_width":{"unit":"px","top":"","right":"","bottom":"","left":"","isLinked":true},"border_color":"","border_radius":{"unit":"px","top":"","right":"","bottom":"","left":"","isLinked":true},"box_shadow_box_shadow_type":"","box_shadow_box_shadow":{"horizontal":0,"vertical":0,"blur":10,"spread":0,"inset":"","color":"rgba(0,0,0,0.5)"},"section_typo":"","heading_color":"","color_text":"","color_link":"","color_link_hover":"","text_align":"","section_advanced":"","margin":{"unit":"px","top":"","right":"","bottom":"","left":"","isLinked":true},"margin_tablet":{"unit":"px","top":"","right":"","bottom":"","left":"","isLinked":true},"margin_mobile":{"unit":"px","top":"","right":"","bottom":"","left":"","isLinked":true},"padding":{"unit":"px","top":"","right":"","bottom":"","left":"","isLinked":true},"padding_tablet":{"unit":"px","top":"","right":"","bottom":"","left":"","isLinked":true},"padding_mobile":{"unit":"px","top":"","right":"","bottom":"","left":"","isLinked":true},"animation":"","animation_duration":"","css_classes":"","section_responsive":"","screen_sm":"default","screen_sm_width":"100","screen_xs":"default","screen_xs_width":"100","section_custom_css":"","custom_css":"","custom_css_description":"","section_custom_css_pro":"","custom_css_pro":"","section_background_overlay":"","background_overlay_background":"","background_overlay_color":"","background_overlay_image":{"url":"","id":""},"background_overlay_position":"","background_overlay_attachment":"","background_overlay_repeat":"","background_overlay_size":"","background_overlay_video_link":"","background_overlay_video_fallback":{"url":"","id":""},"background_overlay_opacity":{"unit":"px","size":0.5}},"elements":[{"id":"gbdnthh","elType":"widget","settings":{"section_image":"","image":{"id":631,"url":"https:\/\/library.elementor.com\/wp-content\/uploads\/2016\/12\/10.jpg"},"image_size":"large","image_custom_dimension":{"width":"","height":""},"align":"center","align_tablet":"center","align_mobile":"center","caption":"","link_to":"none","link":{"is_external":"","url":""},"view":"traditional","section_style_image":"","space":{"unit":"%","size":100},"opacity":{"unit":"px","size":1},"hover_animation":"","image_border_border":"","image_border_width":{"unit":"px","top":"","right":"","bottom":"","left":"","isLinked":true},"image_border_color":"","image_border_radius":{"unit":"px","top":"","right":"","bottom":"","left":"","isLinked":true},"image_box_shadow_box_shadow_type":"","image_box_shadow_box_shadow":{"horizontal":0,"vertical":0,"blur":10,"spread":0,"inset":"","color":"rgba(0,0,0,0.5)"},"section_style_caption":"","caption_align":"","text_color":"","caption_typography_typography":"","caption_typography_font_size":{"unit":"px","size":""},"caption_typography_font_size_tablet":{"unit":"px","size":""},"caption_typography_font_size_mobile":{"unit":"px","size":""},"caption_typography_font_family":"","caption_typography_font_weight":"","caption_typography_text_transform":"","caption_typography_font_style":"","caption_typography_line_height":{"unit":"em","size":""},"caption_typography_line_height_tablet":{"unit":"em","size":""},"caption_typography_line_height_mobile":{"unit":"em","size":""},"caption_typography_letter_spacing":{"unit":"px","size":""},"caption_typography_letter_spacing_tablet":{"unit":"px","size":""},"caption_typography_letter_spacing_mobile":{"unit":"px","size":""},"_section_style":"","_margin":{"unit":"px","top":"","right":"","bottom":"","left":"","isLinked":true},"_margin_tablet":{"unit":"px","top":"","right":"","bottom":"","left":"","isLinked":true},"_margin_mobile":{"unit":"px","top":"","right":"","bottom":"","left":"","isLinked":true},"_padding":{"unit":"px","top":"","right":"","bottom":"","left":"","isLinked":true},"_padding_tablet":{"unit":"px","top":"","right":"","bottom":"","left":"","isLinked":true},"_padding_mobile":{"unit":"px","top":"","right":"","bottom":"","left":"","isLinked":true},"_animation":"","animation_duration":"","_css_classes":"","_section_background":"","_background_background":"","_background_color":"","_background_image":{"url":"","id":""},"_background_position":"","_background_attachment":"","_background_repeat":"","_background_size":"","_background_video_link":"","_background_video_fallback":{"url":"","id":""},"_border_border":"","_border_width":{"unit":"px","top":"","right":"","bottom":"","left":"","isLinked":true},"_border_color":"","_border_radius":{"unit":"px","top":"","right":"","bottom":"","left":"","isLinked":true},"_box_shadow_box_shadow_type":"","_box_shadow_box_shadow":{"horizontal":0,"vertical":0,"blur":10,"spread":0,"inset":"","color":"rgba(0,0,0,0.5)"},"_section_responsive":"","responsive_description":"","hide_desktop":"","hide_tablet":"","hide_mobile":"","section_custom_css":"","custom_css":"","custom_css_description":"","section_custom_css_pro":"","custom_css_pro":""},"elements":[],"widgetType":"image"},{"id":"aefdvny","elType":"widget","settings":{"section_title":"","title":"Chop Chop","link":{"is_external":"","url":""},"size":"default","header_size":"h4","align":"center","align_tablet":"","align_mobile":"","view":"traditional","section_title_style":"","title_color":"#bcbcbc","typography_typography":"custom","typography_font_size":{"unit":"px","size":"14"},"typography_font_size_tablet":{"unit":"px","size":""},"typography_font_size_mobile":{"unit":"px","size":""},"typography_font_family":"Roboto Condensed","typography_font_weight":"","typography_text_transform":"","typography_font_style":"","typography_line_height":{"unit":"em","size":""},"typography_line_height_tablet":{"unit":"em","size":""},"typography_line_height_mobile":{"unit":"em","size":""},"typography_letter_spacing":{"unit":"px","size":""},"typography_letter_spacing_tablet":{"unit":"px","size":""},"typography_letter_spacing_mobile":{"unit":"px","size":""},"_section_style":"","_margin":{"unit":"px","top":"","right":"","bottom":"","left":"","isLinked":true},"_margin_tablet":{"unit":"px","top":"","right":"","bottom":"","left":"","isLinked":true},"_margin_mobile":{"unit":"px","top":"","right":"","bottom":"","left":"","isLinked":true},"_padding":{"unit":"px","top":"","right":"","bottom":"","left":"","isLinked":true},"_padding_tablet":{"unit":"px","top":"","right":"","bottom":"","left":"","isLinked":true},"_padding_mobile":{"unit":"px","top":"","right":"","bottom":"","left":"","isLinked":true},"_animation":"","animation_duration":"","_css_classes":"","_section_background":"","_background_background":"","_background_color":"","_background_image":{"url":"","id":""},"_background_position":"","_background_attachment":"","_background_repeat":"","_background_size":"","_background_video_link":"","_background_video_fallback":{"url":"","id":""},"_border_border":"","_border_width":{"unit":"px","top":"","right":"","bottom":"","left":"","isLinked":true},"_border_color":"","_border_radius":{"unit":"px","top":"","right":"","bottom":"","left":"","isLinked":true},"_box_shadow_box_shadow_type":"","_box_shadow_box_shadow":{"horizontal":0,"vertical":0,"blur":10,"spread":0,"inset":"","color":"rgba(0,0,0,0.5)"},"_section_responsive":"","responsive_description":"","hide_desktop":"","hide_tablet":"","hide_mobile":"","section_custom_css":"","custom_css":"","custom_css_description":"","section_custom_css_pro":"","custom_css_pro":""},"elements":[],"widgetType":"heading"},{"id":"sfziaym","elType":"widget","settings":{"section_title":"","title":"up to 70% off","link":{"is_external":"","url":""},"size":"default","header_size":"h3","align":"center","align_tablet":"","align_mobile":"","view":"traditional","section_title_style":"","title_color":"#000000","typography_typography":"custom","typography_font_size":{"unit":"px","size":"22"},"typography_font_size_tablet":{"unit":"px","size":"18"},"typography_font_size_mobile":{"unit":"px","size":""},"typography_font_family":"Playfair Display","typography_font_weight":"bold","typography_text_transform":"uppercase","typography_font_style":"","typography_line_height":{"unit":"em","size":""},"typography_line_height_tablet":{"unit":"em","size":""},"typography_line_height_mobile":{"unit":"em","size":""},"typography_letter_spacing":{"unit":"px","size":""},"typography_letter_spacing_tablet":{"unit":"px","size":""},"typography_letter_spacing_mobile":{"unit":"px","size":""},"_section_style":"","_margin":{"unit":"px","top":"","right":"","bottom":"","left":"","isLinked":true},"_margin_tablet":{"unit":"%","top":"-5","right":"0","bottom":"0","left":"0","isLinked":false},"_margin_mobile":{"unit":"px","top":"","right":"","bottom":"","left":"","isLinked":true},"_padding":{"unit":"px","top":"","right":"","bottom":"","left":"","isLinked":true},"_padding_tablet":{"unit":"px","top":"","right":"","bottom":"","left":"","isLinked":true},"_padding_mobile":{"unit":"px","top":"","right":"","bottom":"","left":"","isLinked":true},"_animation":"","animation_duration":"","_css_classes":"","_section_background":"","_background_background":"","_background_color":"","_background_image":{"url":"","id":""},"_background_position":"","_background_attachment":"","_background_repeat":"","_background_size":"","_background_video_link":"","_background_video_fallback":{"url":"","id":""},"_border_border":"","_border_width":{"unit":"px","top":"","right":"","bottom":"","left":"","isLinked":true},"_border_color":"","_border_radius":{"unit":"px","top":"","right":"","bottom":"","left":"","isLinked":true},"_box_shadow_box_shadow_type":"","_box_shadow_box_shadow":{"horizontal":0,"vertical":0,"blur":10,"spread":0,"inset":"","color":"rgba(0,0,0,0.5)"},"_section_responsive":"","responsive_description":"","hide_desktop":"","hide_tablet":"","hide_mobile":"","section_custom_css":"","custom_css":"","custom_css_description":"","section_custom_css_pro":"","custom_css_pro":""},"elements":[],"widgetType":"heading"}],"isInner":true},{"id":"hprgwiw","elType":"column","settings":{"_inline_size":null,"_column_size":25,"section_style":"","background_background":"","background_color":"","background_image":{"url":"","id":""},"background_position":"","background_attachment":"","background_repeat":"","background_size":"","background_video_link":"","background_video_fallback":{"url":"","id":""},"border_border":"","border_width":{"unit":"px","top":"","right":"","bottom":"","left":"","isLinked":true},"border_color":"","border_radius":{"unit":"px","top":"","right":"","bottom":"","left":"","isLinked":true},"box_shadow_box_shadow_type":"","box_shadow_box_shadow":{"horizontal":0,"vertical":0,"blur":10,"spread":0,"inset":"","color":"rgba(0,0,0,0.5)"},"section_typo":"","heading_color":"","color_text":"","color_link":"","color_link_hover":"","text_align":"","section_advanced":"","margin":{"unit":"px","top":"","right":"","bottom":"","left":"","isLinked":true},"margin_tablet":{"unit":"px","top":"","right":"","bottom":"","left":"","isLinked":true},"margin_mobile":{"unit":"px","top":"","right":"","bottom":"","left":"","isLinked":true},"padding":{"unit":"px","top":"","right":"","bottom":"","left":"","isLinked":true},"padding_tablet":{"unit":"px","top":"","right":"","bottom":"","left":"","isLinked":true},"padding_mobile":{"unit":"px","top":"","right":"","bottom":"","left":"","isLinked":true},"animation":"","animation_duration":"","css_classes":"","section_responsive":"","screen_sm":"default","screen_sm_width":"100","screen_xs":"default","screen_xs_width":"100","section_custom_css":"","custom_css":"","custom_css_description":"","section_custom_css_pro":"","custom_css_pro":"","section_background_overlay":"","background_overlay_background":"","background_overlay_color":"","background_overlay_image":{"url":"","id":""},"background_overlay_position":"","background_overlay_attachment":"","background_overlay_repeat":"","background_overlay_size":"","background_overlay_video_link":"","background_overlay_video_fallback":{"url":"","id":""},"background_overlay_opacity":{"unit":"px","size":0.5}},"elements":[{"id":"orxqlrq","elType":"widget","settings":{"section_image":"","image":{"id":632,"url":"https:\/\/library.elementor.com\/wp-content\/uploads\/2016\/12\/9.jpg"},"image_size":"large","image_custom_dimension":{"width":"","height":""},"align":"center","align_tablet":"center","align_mobile":"center","caption":"","link_to":"none","link":{"is_external":"","url":""},"view":"traditional","section_style_image":"","space":{"unit":"%","size":100},"opacity":{"unit":"px","size":1},"hover_animation":"","image_border_border":"","image_border_width":{"unit":"px","top":"","right":"","bottom":"","left":"","isLinked":true},"image_border_color":"","image_border_radius":{"unit":"px","top":"","right":"","bottom":"","left":"","isLinked":true},"image_box_shadow_box_shadow_type":"","image_box_shadow_box_shadow":{"horizontal":0,"vertical":0,"blur":10,"spread":0,"inset":"","color":"rgba(0,0,0,0.5)"},"section_style_caption":"","caption_align":"","text_color":"","caption_typography_typography":"","caption_typography_font_size":{"unit":"px","size":""},"caption_typography_font_size_tablet":{"unit":"px","size":""},"caption_typography_font_size_mobile":{"unit":"px","size":""},"caption_typography_font_family":"","caption_typography_font_weight":"","caption_typography_text_transform":"","caption_typography_font_style":"","caption_typography_line_height":{"unit":"em","size":""},"caption_typography_line_height_tablet":{"unit":"em","size":""},"caption_typography_line_height_mobile":{"unit":"em","size":""},"caption_typography_letter_spacing":{"unit":"px","size":""},"caption_typography_letter_spacing_tablet":{"unit":"px","size":""},"caption_typography_letter_spacing_mobile":{"unit":"px","size":""},"_section_style":"","_margin":{"unit":"px","top":"","right":"","bottom":"","left":"","isLinked":true},"_margin_tablet":{"unit":"px","top":"","right":"","bottom":"","left":"","isLinked":true},"_margin_mobile":{"unit":"px","top":"","right":"","bottom":"","left":"","isLinked":true},"_padding":{"unit":"px","top":"","right":"","bottom":"","left":"","isLinked":true},"_padding_tablet":{"unit":"px","top":"","right":"","bottom":"","left":"","isLinked":true},"_padding_mobile":{"unit":"px","top":"","right":"","bottom":"","left":"","isLinked":true},"_animation":"","animation_duration":"","_css_classes":"","_section_background":"","_background_background":"","_background_color":"","_background_image":{"url":"","id":""},"_background_position":"","_background_attachment":"","_background_repeat":"","_background_size":"","_background_video_link":"","_background_video_fallback":{"url":"","id":""},"_border_border":"","_border_width":{"unit":"px","top":"","right":"","bottom":"","left":"","isLinked":true},"_border_color":"","_border_radius":{"unit":"px","top":"","right":"","bottom":"","left":"","isLinked":true},"_box_shadow_box_shadow_type":"","_box_shadow_box_shadow":{"horizontal":0,"vertical":0,"blur":10,"spread":0,"inset":"","color":"rgba(0,0,0,0.5)"},"_section_responsive":"","responsive_description":"","hide_desktop":"","hide_tablet":"","hide_mobile":"","section_custom_css":"","custom_css":"","custom_css_description":"","section_custom_css_pro":"","custom_css_pro":""},"elements":[],"widgetType":"image"},{"id":"rmbxngm","elType":"widget","settings":{"section_title":"","title":"Urbanlour","link":{"is_external":"","url":""},"size":"default","header_size":"h4","align":"center","align_tablet":"","align_mobile":"","view":"traditional","section_title_style":"","title_color":"#bcbcbc","typography_typography":"custom","typography_font_size":{"unit":"px","size":"14"},"typography_font_size_tablet":{"unit":"px","size":""},"typography_font_size_mobile":{"unit":"px","size":""},"typography_font_family":"Roboto Condensed","typography_font_weight":"","typography_text_transform":"","typography_font_style":"","typography_line_height":{"unit":"em","size":""},"typography_line_height_tablet":{"unit":"em","size":""},"typography_line_height_mobile":{"unit":"em","size":""},"typography_letter_spacing":{"unit":"px","size":""},"typography_letter_spacing_tablet":{"unit":"px","size":""},"typography_letter_spacing_mobile":{"unit":"px","size":""},"_section_style":"","_margin":{"unit":"px","top":"","right":"","bottom":"","left":"","isLinked":true},"_margin_tablet":{"unit":"px","top":"","right":"","bottom":"","left":"","isLinked":true},"_margin_mobile":{"unit":"px","top":"","right":"","bottom":"","left":"","isLinked":true},"_padding":{"unit":"px","top":"","right":"","bottom":"","left":"","isLinked":true},"_padding_tablet":{"unit":"px","top":"","right":"","bottom":"","left":"","isLinked":true},"_padding_mobile":{"unit":"px","top":"","right":"","bottom":"","left":"","isLinked":true},"_animation":"","animation_duration":"","_css_classes":"","_section_background":"","_background_background":"","_background_color":"","_background_image":{"url":"","id":""},"_background_position":"","_background_attachment":"","_background_repeat":"","_background_size":"","_background_video_link":"","_background_video_fallback":{"url":"","id":""},"_border_border":"","_border_width":{"unit":"px","top":"","right":"","bottom":"","left":"","isLinked":true},"_border_color":"","_border_radius":{"unit":"px","top":"","right":"","bottom":"","left":"","isLinked":true},"_box_shadow_box_shadow_type":"","_box_shadow_box_shadow":{"horizontal":0,"vertical":0,"blur":10,"spread":0,"inset":"","color":"rgba(0,0,0,0.5)"},"_section_responsive":"","responsive_description":"","hide_desktop":"","hide_tablet":"","hide_mobile":"","section_custom_css":"","custom_css":"","custom_css_description":"","section_custom_css_pro":"","custom_css_pro":""},"elements":[],"widgetType":"heading"},{"id":"ardahto","elType":"widget","settings":{"section_title":"","title":"up to 40% off","link":{"is_external":"","url":""},"size":"default","header_size":"h3","align":"center","align_tablet":"","align_mobile":"","view":"traditional","section_title_style":"","title_color":"#000000","typography_typography":"custom","typography_font_size":{"unit":"px","size":"22"},"typography_font_size_tablet":{"unit":"px","size":"18"},"typography_font_size_mobile":{"unit":"px","size":""},"typography_font_family":"Playfair Display","typography_font_weight":"bold","typography_text_transform":"uppercase","typography_font_style":"","typography_line_height":{"unit":"em","size":""},"typography_line_height_tablet":{"unit":"em","size":""},"typography_line_height_mobile":{"unit":"em","size":""},"typography_letter_spacing":{"unit":"px","size":""},"typography_letter_spacing_tablet":{"unit":"px","size":""},"typography_letter_spacing_mobile":{"unit":"px","size":""},"_section_style":"","_margin":{"unit":"px","top":"","right":"","bottom":"","left":"","isLinked":true},"_margin_tablet":{"unit":"%","top":"-5","right":"0","bottom":"0","left":"0","isLinked":false},"_margin_mobile":{"unit":"px","top":"","right":"","bottom":"","left":"","isLinked":true},"_padding":{"unit":"px","top":"","right":"","bottom":"","left":"","isLinked":true},"_padding_tablet":{"unit":"px","top":"","right":"","bottom":"","left":"","isLinked":true},"_padding_mobile":{"unit":"px","top":"","right":"","bottom":"","left":"","isLinked":true},"_animation":"","animation_duration":"","_css_classes":"","_section_background":"","_background_background":"","_background_color":"","_background_image":{"url":"","id":""},"_background_position":"","_background_attachment":"","_background_repeat":"","_background_size":"","_background_video_link":"","_background_video_fallback":{"url":"","id":""},"_border_border":"","_border_width":{"unit":"px","top":"","right":"","bottom":"","left":"","isLinked":true},"_border_color":"","_border_radius":{"unit":"px","top":"","right":"","bottom":"","left":"","isLinked":true},"_box_shadow_box_shadow_type":"","_box_shadow_box_shadow":{"horizontal":0,"vertical":0,"blur":10,"spread":0,"inset":"","color":"rgba(0,0,0,0.5)"},"_section_responsive":"","responsive_description":"","hide_desktop":"","hide_tablet":"","hide_mobile":"","section_custom_css":"","custom_css":"","custom_css_description":"","section_custom_css_pro":"","custom_css_pro":""},"elements":[],"widgetType":"heading"}],"isInner":true}],"isInner":true},{"id":"weebvfa","elType":"widget","settings":{"section_button":"","button_type":"","text":"Watch all sales","link":{"is_external":"","url":"#"},"align":"center","align_tablet":"","align_mobile":"","size":"md","icon":"","icon_align":"left","icon_indent":{"unit":"px","size":""},"view":"traditional","section_style":"","button_text_color":"#ff0091","typography_typography":"custom","typography_font_size":{"unit":"px","size":"13"},"typography_font_size_tablet":{"unit":"px","size":""},"typography_font_size_mobile":{"unit":"px","size":""},"typography_font_family":"Roboto Condensed","typography_font_weight":"","typography_text_transform":"uppercase","typography_font_style":"","typography_line_height":{"unit":"em","size":""},"typography_line_height_tablet":{"unit":"em","size":""},"typography_line_height_mobile":{"unit":"em","size":""},"typography_letter_spacing":{"unit":"px","size":"1"},"typography_letter_spacing_tablet":{"unit":"px","size":""},"typography_letter_spacing_mobile":{"unit":"px","size":""},"background_color":"rgba(255,0,145,0)","border_border":"solid","border_width":{"unit":"px","top":"2","right":"2","bottom":"2","left":"2","isLinked":true},"border_color":"#ff0091","border_radius":{"unit":"px","top":"0","right":"0","bottom":"0","left":"0","isLinked":true},"text_padding":{"unit":"px","top":"20","right":"40","bottom":"20","left":"40","isLinked":false},"section_hover":"","hover_color":"#ffffff","button_background_hover_color":"#ff0091","button_hover_border_color":"","hover_animation":"","_section_style":"","_margin":{"unit":"px","top":"","right":"","bottom":"","left":"","isLinked":true},"_margin_tablet":{"unit":"px","top":"","right":"","bottom":"","left":"","isLinked":true},"_margin_mobile":{"unit":"px","top":"","right":"","bottom":"","left":"","isLinked":true},"_padding":{"unit":"px","top":"","right":"","bottom":"","left":"","isLinked":true},"_padding_tablet":{"unit":"px","top":"0","right":"0","bottom":"0","left":"0","isLinked":true},"_padding_mobile":{"unit":"px","top":"30","right":"0","bottom":"0","left":"0","isLinked":false},"_animation":"","animation_duration":"","_css_classes":"","_section_background":"","_background_background":"","_background_color":"","_background_image":{"url":"","id":""},"_background_position":"","_background_attachment":"","_background_repeat":"","_background_size":"","_background_video_link":"","_background_video_fallback":{"url":"","id":""},"_border_border":"","_border_width":{"unit":"px","top":"","right":"","bottom":"","left":"","isLinked":true},"_border_color":"","_border_radius":{"unit":"px","top":"","right":"","bottom":"","left":"","isLinked":true},"_box_shadow_box_shadow_type":"","_box_shadow_box_shadow":{"horizontal":0,"vertical":0,"blur":10,"spread":0,"inset":"","color":"rgba(0,0,0,0.5)"},"_section_responsive":"","responsive_description":"","hide_desktop":"","hide_tablet":"","hide_mobile":"","section_custom_css":"","custom_css":"","custom_css_description":"","section_custom_css_pro":"","custom_css_pro":""},"elements":[],"widgetType":"button"}],"isInner":false}],"isInner":false},{"id":"zwldbik","elType":"section","settings":{"section_layout":"","stretch_section":"","layout":"full_width","content_width":{"unit":"px","size":""},"gap":"default","height":"min-height","custom_height":{"unit":"px","size":"800"},"column_position":"stretch","content_position":"middle","structure":"20","section_background":"","background_background":"none","background_color":"","background_image":{"url":"","id":""},"background_position":"","background_attachment":"","background_repeat":"","background_size":"cover","background_video_link":"","background_video_fallback":{"url":"","id":""},"background_overlay_section":"","background_overlay_background":"","background_overlay_color":"","background_overlay_image":{"url":"","id":""},"background_overlay_position":"","background_overlay_attachment":"","background_overlay_repeat":"","background_overlay_size":"","background_overlay_video_link":"","background_overlay_video_fallback":{"url":"","id":""},"background_overlay_opacity":{"unit":"px","size":0.5},"section_border":"","border_border":"","border_width":{"unit":"px","top":"","right":"","bottom":"","left":"","isLinked":true},"border_color":"","border_radius":{"unit":"px","top":"","right":"","bottom":"","left":"","isLinked":true},"box_shadow_box_shadow_type":"","box_shadow_box_shadow":{"horizontal":0,"vertical":0,"blur":10,"spread":0,"inset":"","color":"rgba(0,0,0,0.5)"},"section_typo":"","heading_color":"","color_text":"","color_link":"","color_link_hover":"","text_align":"","section_advanced":"","margin":{"unit":"px","top":"","right":"","bottom":"","left":"","isLinked":true},"margin_tablet":{"unit":"px","top":"","right":"","bottom":"","left":"","isLinked":true},"margin_mobile":{"unit":"px","top":"","right":"","bottom":"","left":"","isLinked":true},"padding":{"unit":"px","top":"","right":"","bottom":"","left":"","isLinked":true},"padding_tablet":{"unit":"px","top":"","right":"","bottom":"","left":"","isLinked":true},"padding_mobile":{"unit":"%","top":"0","right":"0","bottom":"0","left":"0","isLinked":false},"animation":"","animation_duration":"","css_classes":"","_section_responsive":"","reverse_order_mobile":"","heading_visibility":"","responsive_description":"","hide_desktop":"","hide_tablet":"","hide_mobile":"","section_custom_css":"","custom_css":"","custom_css_description":"","section_custom_css_pro":"","custom_css_pro":""},"elements":[{"id":"jfgvxci","elType":"column","settings":{"_inline_size":null,"_column_size":50,"section_style":"","background_background":"classic","background_color":"","background_image":{"id":633,"url":"https:\/\/library.elementor.com\/wp-content\/uploads\/2016\/12\/13.jpg"},"background_position":"","background_attachment":"","background_repeat":"","background_size":"cover","background_video_link":"","background_video_fallback":{"url":"","id":""},"border_border":"","border_width":{"unit":"px","top":"","right":"","bottom":"","left":"","isLinked":true},"border_color":"","border_radius":{"unit":"px","top":"","right":"","bottom":"","left":"","isLinked":true},"box_shadow_box_shadow_type":"","box_shadow_box_shadow":{"horizontal":0,"vertical":0,"blur":10,"spread":0,"inset":"","color":"rgba(0,0,0,0.5)"},"section_typo":"","heading_color":"","color_text":"","color_link":"","color_link_hover":"","text_align":"","section_advanced":"","margin":{"unit":"px","top":"","right":"","bottom":"","left":"","isLinked":true},"margin_tablet":{"unit":"px","top":"","right":"","bottom":"","left":"","isLinked":true},"margin_mobile":{"unit":"px","top":"","right":"","bottom":"","left":"","isLinked":true},"padding":{"unit":"px","top":"","right":"","bottom":"","left":"","isLinked":true},"padding_tablet":{"unit":"px","top":"","right":"","bottom":"","left":"","isLinked":true},"padding_mobile":{"unit":"px","top":"","right":"","bottom":"","left":"","isLinked":true},"animation":"","animation_duration":"","css_classes":"","section_responsive":"","screen_sm":"default","screen_sm_width":"100","screen_xs":"default","screen_xs_width":"100","section_custom_css":"","custom_css":"","custom_css_description":"","section_custom_css_pro":"","custom_css_pro":"","section_background_overlay":"","background_overlay_background":"","background_overlay_color":"","background_overlay_image":{"url":"","id":""},"background_overlay_position":"","background_overlay_attachment":"","background_overlay_repeat":"","background_overlay_size":"","background_overlay_video_link":"","background_overlay_video_fallback":{"url":"","id":""},"background_overlay_opacity":{"unit":"px","size":0.5}},"elements":[{"id":"cambajl","elType":"widget","settings":{"section_spacer":"","space":{"unit":"px","size":50},"space_tablet":{"unit":"px","size":50},"space_mobile":{"unit":"px","size":213},"view":"traditional","_section_style":"","_margin":{"unit":"px","top":"","right":"","bottom":"","left":"","isLinked":true},"_margin_tablet":{"unit":"px","top":"","right":"","bottom":"","left":"","isLinked":true},"_margin_mobile":{"unit":"px","top":"","right":"","bottom":"","left":"","isLinked":true},"_padding":{"unit":"px","top":"","right":"","bottom":"","left":"","isLinked":true},"_padding_tablet":{"unit":"px","top":"","right":"","bottom":"","left":"","isLinked":true},"_padding_mobile":{"unit":"px","top":"","right":"","bottom":"","left":"","isLinked":true},"_animation":"","animation_duration":"","_css_classes":"","_section_background":"","_background_background":"","_background_color":"","_background_image":{"url":"","id":""},"_background_position":"","_background_attachment":"","_background_repeat":"","_background_size":"","_background_video_link":"","_background_video_fallback":{"url":"","id":""},"_border_border":"","_border_width":{"unit":"px","top":"","right":"","bottom":"","left":"","isLinked":true},"_border_color":"","_border_radius":{"unit":"px","top":"","right":"","bottom":"","left":"","isLinked":true},"_box_shadow_box_shadow_type":"","_box_shadow_box_shadow":{"horizontal":0,"vertical":0,"blur":10,"spread":0,"inset":"","color":"rgba(0,0,0,0.5)"},"_section_responsive":"","responsive_description":"","hide_desktop":"","hide_tablet":"","hide_mobile":"","section_custom_css":"","custom_css":"","custom_css_description":"","section_custom_css_pro":"","custom_css_pro":""},"elements":[],"widgetType":"spacer"}],"isInner":false},{"id":"vwovjpk","elType":"column","settings":{"_inline_size":null,"_column_size":50,"section_style":"","background_background":"classic","background_color":"#ff0091","background_image":{"url":"","id":""},"background_position":"","background_attachment":"","background_repeat":"","background_size":"","background_video_link":"","background_video_fallback":{"url":"","id":""},"border_border":"","border_width":{"unit":"px","top":"","right":"","bottom":"","left":"","isLinked":true},"border_color":"","border_radius":{"unit":"px","top":"","right":"","bottom":"","left":"","isLinked":true},"box_shadow_box_shadow_type":"","box_shadow_box_shadow":{"horizontal":0,"vertical":0,"blur":10,"spread":0,"inset":"","color":"rgba(0,0,0,0.5)"},"section_typo":"","heading_color":"","color_text":"","color_link":"","color_link_hover":"","text_align":"","section_advanced":"","margin":{"unit":"px","top":"","right":"","bottom":"","left":"","isLinked":true},"margin_tablet":{"unit":"px","top":"","right":"","bottom":"","left":"","isLinked":true},"margin_mobile":{"unit":"px","top":"","right":"","bottom":"","left":"","isLinked":true},"padding":{"unit":"%","top":"15","right":"15","bottom":"15","left":"15","isLinked":true},"padding_tablet":{"unit":"%","top":"20","right":"10","bottom":"20","left":"10","isLinked":false},"padding_mobile":{"unit":"%","top":"20","right":"0","bottom":"20","left":"0","isLinked":false},"animation":"","animation_duration":"","css_classes":"","section_responsive":"","screen_sm":"default","screen_sm_width":"100","screen_xs":"default","screen_xs_width":"100","section_custom_css":"","custom_css":"","custom_css_description":"","section_custom_css_pro":"","custom_css_pro":"","section_background_overlay":"","background_overlay_background":"","background_overlay_color":"","background_overlay_image":{"url":"","id":""},"background_overlay_position":"","background_overlay_attachment":"","background_overlay_repeat":"","background_overlay_size":"","background_overlay_video_link":"","background_overlay_video_fallback":{"url":"","id":""},"background_overlay_opacity":{"unit":"px","size":0.5}},"elements":[{"id":"erwkuqr","elType":"widget","settings":{"section_title":"","title":"We always make sure\nto provide you with goodies","link":{"is_external":"","url":""},"size":"default","header_size":"h2","align":"center","align_tablet":"","align_mobile":"","view":"traditional","section_title_style":"","title_color":"#ffffff","typography_typography":"custom","typography_font_size":{"unit":"px","size":"55"},"typography_font_size_tablet":{"unit":"px","size":"25"},"typography_font_size_mobile":{"unit":"px","size":""},"typography_font_family":"Playfair Display","typography_font_weight":"bold","typography_text_transform":"","typography_font_style":"","typography_line_height":{"unit":"em","size":"1.2"},"typography_line_height_tablet":{"unit":"em","size":""},"typography_line_height_mobile":{"unit":"em","size":""},"typography_letter_spacing":{"unit":"px","size":""},"typography_letter_spacing_tablet":{"unit":"px","size":""},"typography_letter_spacing_mobile":{"unit":"px","size":""},"_section_style":"","_margin":{"unit":"px","top":"","right":"","bottom":"","left":"","isLinked":true},"_margin_tablet":{"unit":"px","top":"","right":"","bottom":"","left":"","isLinked":true},"_margin_mobile":{"unit":"px","top":"","right":"","bottom":"","left":"","isLinked":true},"_padding":{"unit":"px","top":"","right":"","bottom":"","left":"","isLinked":true},"_padding_tablet":{"unit":"px","top":"","right":"","bottom":"","left":"","isLinked":true},"_padding_mobile":{"unit":"px","top":"","right":"","bottom":"","left":"","isLinked":true},"_animation":"","animation_duration":"","_css_classes":"","_section_background":"","_background_background":"","_background_color":"","_background_image":{"url":"","id":""},"_background_position":"","_background_attachment":"","_background_repeat":"","_background_size":"","_background_video_link":"","_background_video_fallback":{"url":"","id":""},"_border_border":"","_border_width":{"unit":"px","top":"","right":"","bottom":"","left":"","isLinked":true},"_border_color":"","_border_radius":{"unit":"px","top":"","right":"","bottom":"","left":"","isLinked":true},"_box_shadow_box_shadow_type":"","_box_shadow_box_shadow":{"horizontal":0,"vertical":0,"blur":10,"spread":0,"inset":"","color":"rgba(0,0,0,0.5)"},"_section_responsive":"","responsive_description":"","hide_desktop":"","hide_tablet":"","hide_mobile":"","section_custom_css":"","custom_css":"","custom_css_description":"","section_custom_css_pro":"","custom_css_pro":""},"elements":[],"widgetType":"heading"},{"id":"wodchdy","elType":"widget","settings":{"section_title":"","title":"Don\u2019t miss a thing! Subscribe to our newsletter ","link":{"is_external":"","url":""},"size":"default","header_size":"h5","align":"center","align_tablet":"","align_mobile":"","view":"traditional","section_title_style":"","title_color":"#ffffff","typography_typography":"custom","typography_font_size":{"unit":"px","size":"22"},"typography_font_size_tablet":{"unit":"px","size":"11"},"typography_font_size_mobile":{"unit":"px","size":""},"typography_font_family":"Roboto Condensed","typography_font_weight":"500","typography_text_transform":"uppercase","typography_font_style":"","typography_line_height":{"unit":"em","size":""},"typography_line_height_tablet":{"unit":"em","size":""},"typography_line_height_mobile":{"unit":"em","size":""},"typography_letter_spacing":{"unit":"px","size":0.8},"typography_letter_spacing_tablet":{"unit":"px","size":""},"typography_letter_spacing_mobile":{"unit":"px","size":""},"_section_style":"","_margin":{"unit":"px","top":"","right":"","bottom":"","left":"","isLinked":true},"_margin_tablet":{"unit":"px","top":"","right":"","bottom":"","left":"","isLinked":true},"_margin_mobile":{"unit":"px","top":"","right":"","bottom":"","left":"","isLinked":true},"_padding":{"unit":"px","top":"30","right":"0","bottom":"30","left":"0","isLinked":false},"_padding_tablet":{"unit":"%","top":"5","right":"0","bottom":"5","left":"0","isLinked":false},"_padding_mobile":{"unit":"%","top":"0","right":"0","bottom":"5","left":"0","isLinked":false},"_animation":"","animation_duration":"","_css_classes":"","_section_background":"","_background_background":"","_background_color":"","_background_image":{"url":"","id":""},"_background_position":"","_background_attachment":"","_background_repeat":"","_background_size":"","_background_video_link":"","_background_video_fallback":{"url":"","id":""},"_border_border":"","_border_width":{"unit":"px","top":"","right":"","bottom":"","left":"","isLinked":true},"_border_color":"","_border_radius":{"unit":"px","top":"","right":"","bottom":"","left":"","isLinked":true},"_box_shadow_box_shadow_type":"","_box_shadow_box_shadow":{"horizontal":0,"vertical":0,"blur":10,"spread":0,"inset":"","color":"rgba(0,0,0,0.5)"},"_section_responsive":"","responsive_description":"","hide_desktop":"","hide_tablet":"","hide_mobile":"","section_custom_css":"","custom_css":"","custom_css_description":"","section_custom_css_pro":"","custom_css_pro":""},"elements":[],"widgetType":"heading"},{"id":"btvnpxy","elType":"widget","settings":{"section_form_fields":"","form_name":"New Form","form_fields":[{"field_type":"email","field_label":"Enter your email","placeholder":"Enter your email","width":"66","_id":"bogu8mm","required":"","field_options":"","inline_list":"","rows":4,"recaptcha_size":"normal","recaptcha_style":"light","css_classes":"","width_tablet":"","width_mobile":""}],"input_size":"md","show_labels":"","label_position":"above","section_submit_button":"","button_text":"send","button_size":"md","button_width":"33","button_align":"stretch","button_align_tablet":"stretch","button_align_mobile":"stretch","button_icon":"","button_icon_align":"left","button_icon_indent":{"unit":"px","size":""},"section_form_options":"","form_metadata":["date","time","page_url","user_agent","remote_ip","credit"],"custom_messages":"","success_message":"The message was sent successfully!","error_message":"There's something wrong... Please fill in the required fields.","required_field_message":"Required","invalid_message":"There's something wrong... The form is invalid.","section_form_style":"","column_gap":{"unit":"px","size":0},"row_gap":{"unit":"px","size":10},"heading_label":"","label_spacing":{"unit":"px","size":0},"label_color":"","label_typography_typography":"","label_typography_font_size":{"unit":"px","size":""},"label_typography_font_size_tablet":{"unit":"px","size":""},"label_typography_font_size_mobile":{"unit":"px","size":""},"label_typography_font_family":"","label_typography_font_weight":"","label_typography_text_transform":"","label_typography_font_style":"","label_typography_line_height":{"unit":"em","size":""},"label_typography_line_height_tablet":{"unit":"em","size":""},"label_typography_line_height_mobile":{"unit":"em","size":""},"label_typography_letter_spacing":{"unit":"px","size":""},"label_typography_letter_spacing_tablet":{"unit":"px","size":""},"label_typography_letter_spacing_mobile":{"unit":"px","size":""},"section_field_style":"","field_text_color":"#ffffff","field_typography_typography":"custom","field_typography_font_size":{"unit":"px","size":""},"field_typography_font_size_tablet":{"unit":"px","size":""},"field_typography_font_size_mobile":{"unit":"px","size":""},"field_typography_font_family":"Roboto Condensed","field_typography_font_weight":"","field_typography_text_transform":"uppercase","field_typography_font_style":"","field_typography_line_height":{"unit":"em","size":""},"field_typography_line_height_tablet":{"unit":"em","size":""},"field_typography_line_height_mobile":{"unit":"em","size":""},"field_typography_letter_spacing":{"unit":"px","size":0.6},"field_typography_letter_spacing_tablet":{"unit":"px","size":""},"field_typography_letter_spacing_mobile":{"unit":"px","size":""},"field_background_color":"rgba(255,255,255,0.3)","field_border_color":"#ffffff","field_border_width":{"unit":"px","top":"0","right":"0","bottom":"0","left":"0","isLinked":true},"field_border_radius":{"unit":"px","top":"0","right":"0","bottom":"0","left":"0","isLinked":true},"section_button_style":"","tabs_button_style":"","tab_button_normal":"","button_text_color":"","button_typography_typography":"custom","button_typography_font_size":{"unit":"px","size":""},"button_typography_font_size_tablet":{"unit":"px","size":""},"button_typography_font_size_mobile":{"unit":"px","size":""},"button_typography_font_family":"Roboto Condensed","button_typography_font_weight":"bold","button_typography_text_transform":"uppercase","button_typography_font_style":"","button_typography_line_height":{"unit":"em","size":""},"button_typography_line_height_tablet":{"unit":"em","size":""},"button_typography_line_height_mobile":{"unit":"em","size":""},"button_typography_letter_spacing":{"unit":"px","size":2.7},"button_typography_letter_spacing_tablet":{"unit":"px","size":""},"button_typography_letter_spacing_mobile":{"unit":"px","size":""},"button_background_color":"#000000","button_border_border":"","button_border_width":{"unit":"px","top":"","right":"","bottom":"","left":"","isLinked":true},"button_border_color":"","button_border_radius":{"unit":"px","top":"0","right":"0","bottom":"0","left":"0","isLinked":true},"button_text_padding":{"unit":"px","top":"","right":"","bottom":"","left":"","isLinked":true},"tab_button_hover":"","button_hover_color":"","button_background_hover_color":"","button_hover_border_color":"","button_hover_animation":"","_section_style":"","_margin":{"unit":"px","top":"","right":"","bottom":"","left":"","isLinked":true},"_margin_tablet":{"unit":"px","top":"","right":"","bottom":"","left":"","isLinked":true},"_margin_mobile":{"unit":"px","top":"","right":"","bottom":"","left":"","isLinked":true},"_padding":{"unit":"px","top":"","right":"","bottom":"","left":"","isLinked":true},"_padding_tablet":{"unit":"px","top":"","right":"","bottom":"","left":"","isLinked":true},"_padding_mobile":{"unit":"%","top":"0","right":"5","bottom":"0","left":"5","isLinked":false},"_animation":"","animation_duration":"","_css_classes":"","_section_background":"","_background_background":"","_background_color":"","_background_image":{"url":"","id":""},"_background_position":"","_background_attachment":"","_background_repeat":"","_background_size":"","_background_video_link":"","_background_video_fallback":{"url":"","id":""},"_border_border":"","_border_width":{"unit":"px","top":"","right":"","bottom":"","left":"","isLinked":true},"_border_color":"","_border_radius":{"unit":"px","top":"","right":"","bottom":"","left":"","isLinked":true},"_box_shadow_box_shadow_type":"","_box_shadow_box_shadow":{"horizontal":0,"vertical":0,"blur":10,"spread":0,"inset":"","color":"rgba(0,0,0,0.5)"},"_section_responsive":"","responsive_description":"","hide_desktop":"","hide_tablet":"","hide_mobile":"","section_custom_css":"","custom_css":"","custom_css_description":"","section_custom_css_pro":"","custom_css_pro":"","webhooks":"","button_width_tablet":"","button_width_mobile":"","send_html":"","mark_required":"","mark_required_color":"","submit_actions":["email"]},"elements":[],"widgetType":"form"},{"id":"tfztzyp","elType":"widget","settings":{"section_title":"","title":"follow us","link":{"is_external":"","url":""},"size":"default","header_size":"h3","align":"center","align_tablet":"","align_mobile":"","view":"traditional","section_title_style":"","title_color":"#ffffff","typography_typography":"custom","typography_font_size":{"unit":"px","size":"30"},"typography_font_size_tablet":{"unit":"px","size":"15"},"typography_font_size_mobile":{"unit":"px","size":""},"typography_font_family":"Playfair Display","typography_font_weight":"bold","typography_text_transform":"uppercase","typography_font_style":"","typography_line_height":{"unit":"em","size":""},"typography_line_height_tablet":{"unit":"em","size":""},"typography_line_height_mobile":{"unit":"em","size":""},"typography_letter_spacing":{"unit":"px","size":1.1},"typography_letter_spacing_tablet":{"unit":"px","size":""},"typography_letter_spacing_mobile":{"unit":"px","size":""},"_section_style":"","_margin":{"unit":"px","top":"","right":"","bottom":"","left":"","isLinked":true},"_margin_tablet":{"unit":"px","top":"","right":"","bottom":"","left":"","isLinked":true},"_margin_mobile":{"unit":"px","top":"","right":"","bottom":"","left":"","isLinked":true},"_padding":{"unit":"px","top":"90","right":"0","bottom":"0","left":"0","isLinked":false},"_padding_tablet":{"unit":"%","top":"20","right":"0","bottom":"0","left":"0","isLinked":false},"_padding_mobile":{"unit":"px","top":"","right":"","bottom":"","left":"","isLinked":true},"_animation":"","animation_duration":"","_css_classes":"","_section_background":"","_background_background":"","_background_color":"","_background_image":{"url":"","id":""},"_background_position":"","_background_attachment":"","_background_repeat":"","_background_size":"","_background_video_link":"","_background_video_fallback":{"url":"","id":""},"_border_border":"","_border_width":{"unit":"px","top":"","right":"","bottom":"","left":"","isLinked":true},"_border_color":"","_border_radius":{"unit":"px","top":"","right":"","bottom":"","left":"","isLinked":true},"_box_shadow_box_shadow_type":"","_box_shadow_box_shadow":{"horizontal":0,"vertical":0,"blur":10,"spread":0,"inset":"","color":"rgba(0,0,0,0.5)"},"_section_responsive":"","responsive_description":"","hide_desktop":"","hide_tablet":"","hide_mobile":"","section_custom_css":"","custom_css":"","custom_css_description":"","section_custom_css_pro":"","custom_css_pro":""},"elements":[],"widgetType":"heading"},{"id":"chkbywj","elType":"widget","settings":{"section_social_icon":"","social_icon_list":[{"social":"fa fa-facebook","_id":"13v09lr","link":{"is_external":"true","url":""}},{"social":"fa fa-twitter","_id":"bdbnm95","link":{"is_external":"true","url":""}},{"social":"fa fa-instagram","_id":"07mbyxk","link":{"is_external":"true","url":""}},{"social":"fa fa-pinterest","_id":"xdiuldd","link":{"is_external":"true","url":""}},{"social":"fa fa-tumblr","link":{"url":"","is_external":"true"},"_id":"v39dzfu"}],"shape":"rounded","align":"center","align_tablet":"center","align_mobile":"center","view":"traditional","section_social_style":"","icon_color":"custom","icon_primary_color":"rgba(255,255,255,0)","icon_secondary_color":"#000000","icon_size":{"unit":"px","size":"35"},"icon_padding":{"unit":"em","size":""},"icon_spacing":{"unit":"px","size":0},"image_border_border":"","image_border_width":{"unit":"px","top":"","right":"","bottom":"","left":"","isLinked":true},"image_border_color":"","border_radius":{"unit":"px","top":"","right":"","bottom":"","left":"","isLinked":true},"_section_style":"","_margin":{"unit":"px","top":"","right":"","bottom":"","left":"","isLinked":true},"_margin_tablet":{"unit":"%","top":"0","right":"10","bottom":"0","left":"10","isLinked":false},"_margin_mobile":{"unit":"px","top":"","right":"","bottom":"","left":"","isLinked":true},"_padding":{"unit":"px","top":"","right":"","bottom":"","left":"","isLinked":true},"_padding_tablet":{"unit":"%","top":"","right":"","bottom":"","left":"","isLinked":true},"_padding_mobile":{"unit":"%","top":"0","right":"8","bottom":"0","left":"8","isLinked":false},"_animation":"","animation_duration":"","_css_classes":"","_section_background":"","_background_background":"","_background_color":"","_background_image":{"url":"","id":""},"_background_position":"","_background_attachment":"","_background_repeat":"","_background_size":"","_background_video_link":"","_background_video_fallback":{"url":"","id":""},"_border_border":"","_border_width":{"unit":"px","top":"","right":"","bottom":"","left":"","isLinked":true},"_border_color":"","_border_radius":{"unit":"px","top":"","right":"","bottom":"","left":"","isLinked":true},"_box_shadow_box_shadow_type":"","_box_shadow_box_shadow":{"horizontal":0,"vertical":0,"blur":10,"spread":0,"inset":"","color":"rgba(0,0,0,0.5)"},"_section_responsive":"","responsive_description":"","hide_desktop":"","hide_tablet":"","hide_mobile":"","section_custom_css":"","custom_css":"","custom_css_description":"","section_custom_css_pro":"","custom_css_pro":"","icon_size_tablet":{"unit":"px","size":""},"icon_size_mobile":{"unit":"px","size":""},"icon_padding_tablet":{"unit":"em","size":""},"icon_padding_mobile":{"unit":"em","size":""},"icon_spacing_tablet":{"unit":"px","size":""},"icon_spacing_mobile":{"unit":"px","size":""}},"elements":[],"widgetType":"social-icons"}],"isInner":false}],"isInner":false}],"page_settings":[]}